op,format,engine,regime,board,group,result_lane,e2e_evidence,measurement_state,disposition,cold,opponent_tier,opponent_symbol,correctness,run_id,freshness,tn_qualification,master_qualified,selection_valid,evidence_lane,source,citation_status
vec_dot,q4_0,rvv,micro-fixed,rvv,matmul,T3-kernel-cell,false,measured,PASS,0.938,通用向量,ggml_vec_dot_q4_0_q8_0,pending,,unresolved,unqualified,false,false,legacy-t3,T3_master_rebuild.csv op=vec_dot format=q4_0 engine=rvv regime=micro-fixed board=rvv,legacy-unlinked
vec_dot,q4_0,rvv,micro-fixed,k1,matmul,T3-kernel-cell,false,measured,PASS,0.986,通用向量,ggml_vec_dot_q4_0_q8_0,pending,,unresolved,unqualified,false,false,legacy-t3,T3_master_rebuild.csv op=vec_dot format=q4_0 engine=rvv regime=micro-fixed board=k1,legacy-unlinked
vec_dot,q4_1,rvv,micro-fixed,rvv,matmul,T3-kernel-cell,false,measured,PASS,1.027,通用向量,ggml_vec_dot_q4_1_q8_1,pending,,unresolved,unqualified,false,false,legacy-t3,T3_master_rebuild.csv op=vec_dot format=q4_1 engine=rvv regime=micro-fixed board=rvv,legacy-unlinked
vec_dot,q4_1,rvv,micro-fixed,k1,matmul,T3-kernel-cell,false,measured,PASS,1.008,通用向量,ggml_vec_dot_q4_1_q8_1,pending,,unresolved,unqualified,false,false,legacy-t3,T3_master_rebuild.csv op=vec_dot format=q4_1 engine=rvv regime=micro-fixed board=k1,legacy-unlinked
vec_dot,q5_0,rvv,micro-fixed,rvv,matmul,T3-kernel-cell,false,measured,PASS,0.451,通用向量,ggml_vec_dot_q5_0_q8_0,pending,,unresolved,unqualified,false,false,legacy-t3,T3_master_rebuild.csv op=vec_dot format=q5_0 engine=rvv regime=micro-fixed board=rvv,legacy-unlinked
vec_dot,q5_0,rvv,micro-fixed,k1,matmul,T3-kernel-cell,false,measured,PASS,0.384,通用向量,ggml_vec_dot_q5_0_q8_0,pending,,unresolved,unqualified,false,false,legacy-t3,T3_master_rebuild.csv op=vec_dot format=q5_0 engine=rvv regime=micro-fixed board=k1,legacy-unlinked
vec_dot,q5_1,rvv,micro-fixed,rvv,matmul,T3-kernel-cell,false,measured,PASS,0.446,通用向量,ggml_vec_dot_q5_1_q8_1,pending,,unresolved,unqualified,false,false,legacy-t3,T3_master_rebuild.csv op=vec_dot format=q5_1 engine=rvv regime=micro-fixed board=rvv,legacy-unlinked
vec_dot,q5_1,rvv,micro-fixed,k1,matmul,T3-kernel-cell,false,measured,PASS,0.398,通用向量,ggml_vec_dot_q5_1_q8_1,pending,,unresolved,unqualified,false,false,legacy-t3,T3_master_rebuild.csv op=vec_dot format=q5_1 engine=rvv regime=micro-fixed board=k1,legacy-unlinked
vec_dot,q8_0,rvv,micro-fixed,rvv,matmul,T3-kernel-cell,false,measured,PASS,0.965,通用向量,ggml_vec_dot_q8_0_q8_0,pending,,unresolved,unqualified,false,false,legacy-t3,T3_master_rebuild.csv op=vec_dot format=q8_0 engine=rvv regime=micro-fixed board=rvv,legacy-unlinked
vec_dot,q8_0,rvv,micro-fixed,k1,matmul,T3-kernel-cell,false,measured,PASS,0.984,通用向量,ggml_vec_dot_q8_0_q8_0,pending,,unresolved,unqualified,false,false,legacy-t3,T3_master_rebuild.csv op=vec_dot format=q8_0 engine=rvv regime=micro-fixed board=k1,legacy-unlinked
vec_dot,q1_0,rvv,micro-fixed,rvv,matmul,T3-kernel-cell,false,open,域外-永久(q1_0),,域外,(Weft-internal),unresolved,,unresolved,unqualified,false,false,none,,open
vec_dot,q1_0,rvv,micro-fixed,k1,matmul,T3-kernel-cell,false,open,域外-永久(q1_0),,域外,(Weft-internal),unresolved,,unresolved,unqualified,false,false,none,,open
vec_dot,q2_K,rvv,micro-fixed,rvv,matmul,T3-kernel-cell,false,measured,具名-X,0.342,手调,ggml_vec_dot_q2_K_q8_K_vl128,pending,,unresolved,unqualified,false,false,legacy-t3,T3_master_rebuild.csv op=vec_dot format=q2_K engine=rvv regime=micro-fixed board=rvv,legacy-unlinked
vec_dot,q2_K,rvv,micro-fixed,k1,matmul,T3-kernel-cell,false,measured,具名-X,0.684,手调,ggml_vec_dot_q2_K_q8_K_vl256,pending,,unresolved,unqualified,false,false,legacy-t3,T3_master_rebuild.csv op=vec_dot format=q2_K engine=rvv regime=micro-fixed board=k1,legacy-unlinked
vec_dot,q3_K,rvv,micro-fixed,rvv,matmul,T3-kernel-cell,false,measured,具名-X,0.258,手调,ggml_vec_dot_q3_K_q8_K_vl128,pending,,unresolved,unqualified,false,false,legacy-t3,T3_master_rebuild.csv op=vec_dot format=q3_K engine=rvv regime=micro-fixed board=rvv,legacy-unlinked
vec_dot,q3_K,rvv,micro-fixed,k1,matmul,T3-kernel-cell,false,measured,具名-X,0.522,手调,ggml_vec_dot_q3_K_q8_K_vl256,pending,,unresolved,unqualified,false,false,legacy-t3,T3_master_rebuild.csv op=vec_dot format=q3_K engine=rvv regime=micro-fixed board=k1,legacy-unlinked
vec_dot,q4_K,rvv,micro-fixed,rvv,matmul,T3-kernel-cell,false,measured,具名-X,0.189,手调,ggml_vec_dot_q4_K_q8_K_vl128,pending,,unresolved,unqualified,false,false,legacy-t3,T3_master_rebuild.csv op=vec_dot format=q4_K engine=rvv regime=micro-fixed board=rvv,legacy-unlinked
vec_dot,q4_K,rvv,micro-fixed,k1,matmul,T3-kernel-cell,false,measured,具名-X,0.592,手调,ggml_vec_dot_q4_K_q8_K_vl256,pending,,unresolved,unqualified,false,false,legacy-t3,T3_master_rebuild.csv op=vec_dot format=q4_K engine=rvv regime=micro-fixed board=k1,legacy-unlinked
vec_dot,q5_K,rvv,micro-fixed,rvv,matmul,T3-kernel-cell,false,measured,PASS,0.843,通用向量,ggml_vec_dot_q5_K_q8_K,pending,,unresolved,unqualified,false,false,legacy-t3,T3_master_rebuild.csv op=vec_dot format=q5_K engine=rvv regime=micro-fixed board=rvv,legacy-unlinked
vec_dot,q5_K,rvv,micro-fixed,k1,matmul,T3-kernel-cell,false,measured,PASS,1.065,通用向量,ggml_vec_dot_q5_K_q8_K,pending,,unresolved,unqualified,false,false,legacy-t3,T3_master_rebuild.csv op=vec_dot format=q5_K engine=rvv regime=micro-fixed board=k1,legacy-unlinked
vec_dot,q6_K,rvv,micro-fixed,rvv,matmul,T3-kernel-cell,false,measured,具名-X,0.18,手调,ggml_vec_dot_q6_K_q8_K_vl128,pending,,unresolved,unqualified,false,false,legacy-t3,T3_master_rebuild.csv op=vec_dot format=q6_K engine=rvv regime=micro-fixed board=rvv,legacy-unlinked
vec_dot,q6_K,rvv,micro-fixed,k1,matmul,T3-kernel-cell,false,measured,具名-X,0.549,手调,ggml_vec_dot_q6_K_q8_K_vl256,pending,,unresolved,unqualified,false,false,legacy-t3,T3_master_rebuild.csv op=vec_dot format=q6_K engine=rvv regime=micro-fixed board=k1,legacy-unlinked
vec_dot,iq1_s,rvv,micro-fixed,rvv,matmul,T3-kernel-cell,false,measured,具名-X,0.365,手调,ggml_vec_dot_iq1_s_q8_K_vl128,pending,,unresolved,unqualified,false,false,legacy-t3,T3_master_rebuild.csv op=vec_dot format=iq1_s engine=rvv regime=micro-fixed board=rvv,legacy-unlinked
vec_dot,iq1_s,rvv,micro-fixed,k1,matmul,T3-kernel-cell,false,measured,具名-X,0.361,手调,ggml_vec_dot_iq1_s_q8_K_vl256,pending,,unresolved,unqualified,false,false,legacy-t3,T3_master_rebuild.csv op=vec_dot format=iq1_s engine=rvv regime=micro-fixed board=k1,legacy-unlinked
vec_dot,iq1_m,rvv,micro-fixed,rvv,matmul,T3-kernel-cell,false,measured,具名-X,0.152,手调,ggml_vec_dot_iq1_m_q8_K_vl128,pending,,unresolved,unqualified,false,false,legacy-t3,T3_master_rebuild.csv op=vec_dot format=iq1_m engine=rvv regime=micro-fixed board=rvv,legacy-unlinked
vec_dot,iq1_m,rvv,micro-fixed,k1,matmul,T3-kernel-cell,false,measured,具名-X,0.25,手调,ggml_vec_dot_iq1_m_q8_K_vl256,pending,,unresolved,unqualified,false,false,legacy-t3,T3_master_rebuild.csv op=vec_dot format=iq1_m engine=rvv regime=micro-fixed board=k1,legacy-unlinked
vec_dot,iq2_xxs,rvv,micro-fixed,rvv,matmul,T3-kernel-cell,false,measured,PASS,0.84,手调,ggml_vec_dot_iq2_xxs_q8_K_vl128.isra.0,pending,,unresolved,unqualified,false,false,legacy-t3,T3_master_rebuild.csv op=vec_dot format=iq2_xxs engine=rvv regime=micro-fixed board=rvv,legacy-unlinked
vec_dot,iq2_xxs,rvv,micro-fixed,k1,matmul,T3-kernel-cell,false,measured,具名-X,0.612,手调,..._vl256,pending,,unresolved,unqualified,false,false,legacy-t3,T3_master_rebuild.csv op=vec_dot format=iq2_xxs engine=rvv regime=micro-fixed board=k1,legacy-unlinked
vec_dot,iq2_xs,rvv,micro-fixed,rvv,matmul,T3-kernel-cell,false,measured,具名-X,0.617,手调,ggml_vec_dot_iq2_xs_q8_K_vl128.isra.0,pending,,unresolved,unqualified,false,false,legacy-t3,T3_master_rebuild.csv op=vec_dot format=iq2_xs engine=rvv regime=micro-fixed board=rvv,legacy-unlinked
vec_dot,iq2_xs,rvv,micro-fixed,k1,matmul,T3-kernel-cell,false,measured,具名-X,0.474,手调,..._vl256,pending,,unresolved,unqualified,false,false,legacy-t3,T3_master_rebuild.csv op=vec_dot format=iq2_xs engine=rvv regime=micro-fixed board=k1,legacy-unlinked
vec_dot,iq2_s,rvv,micro-fixed,rvv,matmul,T3-kernel-cell,false,measured,PASS,1.92,手调,ggml_vec_dot_iq2_s_q8_K_vl128.isra.0,pending,,unresolved,unqualified,false,false,legacy-t3,T3_master_rebuild.csv op=vec_dot format=iq2_s engine=rvv regime=micro-fixed board=rvv,legacy-unlinked
vec_dot,iq2_s,rvv,micro-fixed,k1,matmul,T3-kernel-cell,false,measured,具名-X,0.562,手调,..._vl256,pending,,unresolved,unqualified,false,false,legacy-t3,T3_master_rebuild.csv op=vec_dot format=iq2_s engine=rvv regime=micro-fixed board=k1,legacy-unlinked
vec_dot,iq3_xxs,rvv,micro-fixed,rvv,matmul,T3-kernel-cell,false,measured,具名-X,0.156,手调,ggml_vec_dot_iq3_xxs_q8_K_vl128.isra.0,pending,,unresolved,unqualified,false,false,legacy-t3,T3_master_rebuild.csv op=vec_dot format=iq3_xxs engine=rvv regime=micro-fixed board=rvv,legacy-unlinked
vec_dot,iq3_xxs,rvv,micro-fixed,k1,matmul,T3-kernel-cell,false,measured,具名-X,0.192,手调,..._vl256,pending,,unresolved,unqualified,false,false,legacy-t3,T3_master_rebuild.csv op=vec_dot format=iq3_xxs engine=rvv regime=micro-fixed board=k1,legacy-unlinked
vec_dot,iq3_s,rvv,micro-fixed,rvv,matmul,T3-kernel-cell,false,measured,具名-X,0.213,手调,ggml_vec_dot_iq3_s_q8_K_vl128.isra.0,pending,,unresolved,unqualified,false,false,legacy-t3,T3_master_rebuild.csv op=vec_dot format=iq3_s engine=rvv regime=micro-fixed board=rvv,legacy-unlinked
vec_dot,iq3_s,rvv,micro-fixed,k1,matmul,T3-kernel-cell,false,measured,具名-X,0.2,手调,..._vl256,pending,,unresolved,unqualified,false,false,legacy-t3,T3_master_rebuild.csv op=vec_dot format=iq3_s engine=rvv regime=micro-fixed board=k1,legacy-unlinked
vec_dot,iq4_nl,rvv,micro-fixed,rvv,matmul,T3-kernel-cell,false,measured,PASS,1.15,手调,ggml_vec_dot_iq4_nl_q8_0_vl128,pending,,unresolved,unqualified,false,false,legacy-t3,T3_master_rebuild.csv op=vec_dot format=iq4_nl engine=rvv regime=micro-fixed board=rvv,legacy-unlinked
vec_dot,iq4_nl,rvv,micro-fixed,k1,matmul,T3-kernel-cell,false,measured,具名-X,0.697,手调,ggml_vec_dot_iq4_nl_q8_0_vl256,pending,,unresolved,unqualified,false,false,legacy-t3,T3_master_rebuild.csv op=vec_dot format=iq4_nl engine=rvv regime=micro-fixed board=k1,legacy-unlinked
vec_dot,iq4_xs,rvv,micro-fixed,rvv,matmul,T3-kernel-cell,false,measured,PASS,1.31,手调,ggml_vec_dot_iq4_xs_q8_K_vl128.isra.0,pending,,unresolved,unqualified,false,false,legacy-t3,T3_master_rebuild.csv op=vec_dot format=iq4_xs engine=rvv regime=micro-fixed board=rvv,legacy-unlinked
vec_dot,iq4_xs,rvv,micro-fixed,k1,matmul,T3-kernel-cell,false,measured,PASS,1.196,手调,..._vl256,pending,,unresolved,unqualified,false,false,legacy-t3,T3_master_rebuild.csv op=vec_dot format=iq4_xs engine=rvv regime=micro-fixed board=k1,legacy-unlinked
vec_dot,mxfp4,rvv,micro-fixed,rvv,matmul,T3-kernel-cell,false,open,pending-fold,,手调,ggml_vec_dot_mxfp4_q8_0_vl128,unresolved,,unresolved,unqualified,false,false,none,,open
vec_dot,mxfp4,rvv,micro-fixed,k1,matmul,T3-kernel-cell,false,open,pending-fold,,手调,ggml_vec_dot_mxfp4_q8_0_vl256,unresolved,,unresolved,unqualified,false,false,none,,open
vec_dot,nvfp4,rvv,micro-fixed,rvv,matmul,T3-kernel-cell,false,measured,具名-X,0.565,标量类,ggml_vec_dot_nvfp4_q8_0,pending,,unresolved,unqualified,false,false,legacy-t3,T3_master_rebuild.csv op=vec_dot format=nvfp4 engine=rvv regime=micro-fixed board=rvv,legacy-unlinked
vec_dot,nvfp4,rvv,micro-fixed,k1,matmul,T3-kernel-cell,false,measured,PASS,1.086,标量类,ggml_vec_dot_nvfp4_q8_0,pending,,unresolved,unqualified,false,false,legacy-t3,T3_master_rebuild.csv op=vec_dot format=nvfp4 engine=rvv regime=micro-fixed board=k1,legacy-unlinked
vec_dot,tq1_0,rvv,micro-fixed,rvv,matmul,T3-kernel-cell,false,measured,PASS,0.82,手调,ggml_vec_dot_tq1_0_q8_K_vl128.isra.0,pending,,unresolved,unqualified,false,false,legacy-t3,T3_master_rebuild.csv op=vec_dot format=tq1_0 engine=rvv regime=micro-fixed board=rvv,legacy-unlinked
vec_dot,tq1_0,rvv,micro-fixed,k1,matmul,T3-kernel-cell,false,measured,PASS,0.82,手调,..._vl256,pending,,unresolved,unqualified,false,false,legacy-t3,T3_master_rebuild.csv op=vec_dot format=tq1_0 engine=rvv regime=micro-fixed board=k1,legacy-unlinked
vec_dot,tq2_0,rvv,micro-fixed,rvv,matmul,T3-kernel-cell,false,measured,PASS,0.975,手调,ggml_vec_dot_tq2_0_q8_K_vl128.isra.0,pending,,unresolved,unqualified,false,false,legacy-t3,T3_master_rebuild.csv op=vec_dot format=tq2_0 engine=rvv regime=micro-fixed board=rvv,legacy-unlinked
vec_dot,tq2_0,rvv,micro-fixed,k1,matmul,T3-kernel-cell,false,measured,PASS,0.879,手调,..._vl256,pending,,unresolved,unqualified,false,false,legacy-t3,T3_master_rebuild.csv op=vec_dot format=tq2_0 engine=rvv regime=micro-fixed board=k1,legacy-unlinked
product_reduce,q4_0_nibble,rvv,micro-fixed,rvv,product_reduce,T3-kernel-cell,false,measured,PASS,2.712,标量类,ggml scalar-ref(fallback),pending,,unresolved,unqualified,false,false,legacy-t3,T3_master_rebuild.csv op=product_reduce format=q4_0_nibble engine=rvv regime=micro-fixed board=rvv,legacy-unlinked
product_reduce,q4_0_nibble,rvv,micro-fixed,k1,product_reduce,T3-kernel-cell,false,measured,PASS,1.166,标量类,ggml scalar-ref(fallback),pending,,unresolved,unqualified,false,false,legacy-t3,T3_master_rebuild.csv op=product_reduce format=q4_0_nibble engine=rvv regime=micro-fixed board=k1,legacy-unlinked
product_reduce,offset_binary_n3,rvv,micro-fixed,rvv,product_reduce,T3-kernel-cell,false,measured,PASS,0.855,标量类,ggml scalar-ref(fallback),pending,,unresolved,unqualified,false,false,legacy-t3,T3_master_rebuild.csv op=product_reduce format=offset_binary_n3 engine=rvv regime=micro-fixed board=rvv,legacy-unlinked
product_reduce,offset_binary_n3,rvv,micro-fixed,k1,product_reduce,T3-kernel-cell,false,measured,PASS,0.86,标量类,ggml scalar-ref(fallback),pending,,unresolved,unqualified,false,false,legacy-t3,T3_master_rebuild.csv op=product_reduce format=offset_binary_n3 engine=rvv regime=micro-fixed board=k1,legacy-unlinked
product_reduce,codebook_n3,rvv,micro-fixed,rvv,product_reduce,T3-kernel-cell,false,measured,PASS,1.978,标量类,ggml scalar-ref(fallback),pending,,unresolved,unqualified,false,false,legacy-t3,T3_master_rebuild.csv op=product_reduce format=codebook_n3 engine=rvv regime=micro-fixed board=rvv,legacy-unlinked
product_reduce,codebook_n3,rvv,micro-fixed,k1,product_reduce,T3-kernel-cell,false,measured,PASS,1.096,标量类,ggml scalar-ref(fallback),pending,,unresolved,unqualified,false,false,legacy-t3,T3_master_rebuild.csv op=product_reduce format=codebook_n3 engine=rvv regime=micro-fixed board=k1,legacy-unlinked
quantize_row,q8_0,rvv,micro-fixed,rvv,quantize,T3-kernel-cell,false,measured,PASS,1.0,通用向量,quantize_row_q8_0,pending,,unresolved,unqualified,false,false,legacy-t3,T3_master_rebuild.csv op=quantize_row format=q8_0 engine=rvv regime=micro-fixed board=rvv,legacy-unlinked
quantize_row,q8_0,rvv,micro-fixed,k1,quantize,T3-kernel-cell,false,measured,PASS,1.0,通用向量,quantize_row_q8_0,pending,,unresolved,unqualified,false,false,legacy-t3,T3_master_rebuild.csv op=quantize_row format=q8_0 engine=rvv regime=micro-fixed board=k1,legacy-unlinked
quantize_row,q8_1,rvv,micro-fixed,rvv,quantize,T3-kernel-cell,false,measured,PASS,1.0,通用向量,quantize_row_q8_1,pending,,unresolved,unqualified,false,false,legacy-t3,T3_master_rebuild.csv op=quantize_row format=q8_1 engine=rvv regime=micro-fixed board=rvv,legacy-unlinked
quantize_row,q8_1,rvv,micro-fixed,k1,quantize,T3-kernel-cell,false,measured,PASS,1.0,通用向量,quantize_row_q8_1,pending,,unresolved,unqualified,false,false,legacy-t3,T3_master_rebuild.csv op=quantize_row format=q8_1 engine=rvv regime=micro-fixed board=k1,legacy-unlinked
quantize_row,q8_K,rvv,micro-fixed,rvv,quantize,T3-kernel-cell,false,measured,PASS,1.0,通用向量,quantize_row_q8_K,pending,,unresolved,unqualified,false,false,legacy-t3,T3_master_rebuild.csv op=quantize_row format=q8_K engine=rvv regime=micro-fixed board=rvv,legacy-unlinked
quantize_row,q8_K,rvv,micro-fixed,k1,quantize,T3-kernel-cell,false,measured,PASS,1.004,通用向量,quantize_row_q8_K,pending,,unresolved,unqualified,false,false,legacy-t3,T3_master_rebuild.csv op=quantize_row format=q8_K engine=rvv regime=micro-fixed board=k1,legacy-unlinked
dequantize_row,q4_0,rvv,micro-fixed,rvv,dequant,T3-kernel-cell,false,measured,PASS,2.1,标量类,dequantize_row_q4_0,pending,,unresolved,unqualified,false,false,legacy-t3,T3_master_rebuild.csv op=dequantize_row format=q4_0 engine=rvv regime=micro-fixed board=rvv,legacy-unlinked
dequantize_row,q4_0,rvv,micro-fixed,k1,dequant,T3-kernel-cell,false,measured,PASS,1.437,标量类,dequantize_row_q4_0,pending,,unresolved,unqualified,false,false,legacy-t3,T3_master_rebuild.csv op=dequantize_row format=q4_0 engine=rvv regime=micro-fixed board=k1,legacy-unlinked
dequantize_row,q4_1,rvv,micro-fixed,rvv,dequant,T3-kernel-cell,false,measured,PASS,2.29,标量类,dequantize_row_q4_1,pending,,unresolved,unqualified,false,false,legacy-t3,T3_master_rebuild.csv op=dequantize_row format=q4_1 engine=rvv regime=micro-fixed board=rvv,legacy-unlinked
dequantize_row,q4_1,rvv,micro-fixed,k1,dequant,T3-kernel-cell,false,measured,PASS,1.396,标量类,dequantize_row_q4_1,pending,,unresolved,unqualified,false,false,legacy-t3,T3_master_rebuild.csv op=dequantize_row format=q4_1 engine=rvv regime=micro-fixed board=k1,legacy-unlinked
dequantize_row,q5_0,rvv,micro-fixed,rvv,dequant,T3-kernel-cell,false,measured,PASS,5.96,标量类,dequantize_row_q5_0,pending,,unresolved,unqualified,false,false,legacy-t3,T3_master_rebuild.csv op=dequantize_row format=q5_0 engine=rvv regime=micro-fixed board=rvv,legacy-unlinked
dequantize_row,q5_0,rvv,micro-fixed,k1,dequant,T3-kernel-cell,false,measured,PASS,4.22,标量类,dequantize_row_q5_0,pending,,unresolved,unqualified,false,false,legacy-t3,T3_master_rebuild.csv op=dequantize_row format=q5_0 engine=rvv regime=micro-fixed board=k1,legacy-unlinked
dequantize_row,q5_1,rvv,micro-fixed,rvv,dequant,T3-kernel-cell,false,measured,PASS,6.44,标量类,dequantize_row_q5_1,pending,,unresolved,unqualified,false,false,legacy-t3,T3_master_rebuild.csv op=dequantize_row format=q5_1 engine=rvv regime=micro-fixed board=rvv,legacy-unlinked
dequantize_row,q5_1,rvv,micro-fixed,k1,dequant,T3-kernel-cell,false,measured,PASS,4.421,标量类,dequantize_row_q5_1,pending,,unresolved,unqualified,false,false,legacy-t3,T3_master_rebuild.csv op=dequantize_row format=q5_1 engine=rvv regime=micro-fixed board=k1,legacy-unlinked
dequantize_row,q8_0,rvv,micro-fixed,rvv,dequant,T3-kernel-cell,false,measured,PASS,2.33,标量类,dequantize_row_q8_0,pending,,unresolved,unqualified,false,false,legacy-t3,T3_master_rebuild.csv op=dequantize_row format=q8_0 engine=rvv regime=micro-fixed board=rvv,legacy-unlinked
dequantize_row,q8_0,rvv,micro-fixed,k1,dequant,T3-kernel-cell,false,measured,PASS,1.067,标量类,dequantize_row_q8_0,pending,,unresolved,unqualified,false,false,legacy-t3,T3_master_rebuild.csv op=dequantize_row format=q8_0 engine=rvv regime=micro-fixed board=k1,legacy-unlinked
dequantize_row,q1_0,rvv,micro-fixed,rvv,dequant,T3-kernel-cell,false,open,域外-永久(q1_0),,域外,(Weft-internal),unresolved,,unresolved,unqualified,false,false,none,,open
dequantize_row,q1_0,rvv,micro-fixed,k1,dequant,T3-kernel-cell,false,open,域外-永久(q1_0),,域外,(Weft-internal),unresolved,,unresolved,unqualified,false,false,none,,open
dequantize_row,q2_K,rvv,micro-fixed,rvv,dequant,T3-kernel-cell,false,open,PASS,1.22,标量类,dequantize_row_q2_K,unresolved,,unresolved,unqualified,false,false,none,,legacy-unlinked
dequantize_row,q2_K,rvv,micro-fixed,k1,dequant,T3-kernel-cell,false,measured,PASS,0.828,标量类,dequantize_row_q2_K,pending,,unresolved,unqualified,false,false,legacy-t3,T3_master_rebuild.csv op=dequantize_row format=q2_K engine=rvv regime=micro-fixed board=k1,legacy-unlinked
dequantize_row,q3_K,rvv,micro-fixed,rvv,dequant,T3-kernel-cell,false,open,PASS,2.62,标量类,dequantize_row_q3_K,unresolved,,unresolved,unqualified,false,false,none,,legacy-unlinked
dequantize_row,q3_K,rvv,micro-fixed,k1,dequant,T3-kernel-cell,false,measured,PASS,3.227,标量类,dequantize_row_q3_K,pending,,unresolved,unqualified,false,false,legacy-t3,T3_master_rebuild.csv op=dequantize_row format=q3_K engine=rvv regime=micro-fixed board=k1,legacy-unlinked
dequantize_row,q4_K,rvv,micro-fixed,rvv,dequant,T3-kernel-cell,false,open,PASS,1.01,标量类,dequantize_row_q4_K,unresolved,,unresolved,unqualified,false,false,none,,legacy-unlinked
dequantize_row,q4_K,rvv,micro-fixed,k1,dequant,T3-kernel-cell,false,measured,PASS,4.315,标量类,dequantize_row_q4_K,pending,,unresolved,unqualified,false,false,legacy-t3,T3_master_rebuild.csv op=dequantize_row format=q4_K engine=rvv regime=micro-fixed board=k1,legacy-unlinked
dequantize_row,q5_K,rvv,micro-fixed,rvv,dequant,T3-kernel-cell,false,open,PASS,2.19,标量类,dequantize_row_q5_K,unresolved,,unresolved,unqualified,false,false,none,,legacy-unlinked
dequantize_row,q5_K,rvv,micro-fixed,k1,dequant,T3-kernel-cell,false,measured,PASS,5.127,标量类,dequantize_row_q5_K,pending,,unresolved,unqualified,false,false,legacy-t3,T3_master_rebuild.csv op=dequantize_row format=q5_K engine=rvv regime=micro-fixed board=k1,legacy-unlinked
dequantize_row,q6_K,rvv,micro-fixed,rvv,dequant,T3-kernel-cell,false,open,PASS,1.49,标量类,dequantize_row_q6_K,unresolved,,unresolved,unqualified,false,false,none,,legacy-unlinked
dequantize_row,q6_K,rvv,micro-fixed,k1,dequant,T3-kernel-cell,false,measured,PASS,1.115,标量类,dequantize_row_q6_K,pending,,unresolved,unqualified,false,false,legacy-t3,T3_master_rebuild.csv op=dequantize_row format=q6_K engine=rvv regime=micro-fixed board=k1,legacy-unlinked
dequantize_row,iq1_s,rvv,micro-fixed,rvv,dequant,T3-kernel-cell,false,open,PASS,0.99,标量类,dequantize_row_iq1_s,unresolved,,unresolved,unqualified,false,false,none,,legacy-unlinked
dequantize_row,iq1_s,rvv,micro-fixed,k1,dequant,T3-kernel-cell,false,measured,PASS,2.893,标量类,dequantize_row_iq1_s,pending,,unresolved,unqualified,false,false,legacy-t3,T3_master_rebuild.csv op=dequantize_row format=iq1_s engine=rvv regime=micro-fixed board=k1,legacy-unlinked
dequantize_row,iq1_m,rvv,micro-fixed,rvv,dequant,T3-kernel-cell,false,open,PASS,1.03,标量类,dequantize_row_iq1_m,unresolved,,unresolved,unqualified,false,false,none,,legacy-unlinked
dequantize_row,iq1_m,rvv,micro-fixed,k1,dequant,T3-kernel-cell,false,measured,PASS,3.545,标量类,dequantize_row_iq1_m,pending,,unresolved,unqualified,false,false,legacy-t3,T3_master_rebuild.csv op=dequantize_row format=iq1_m engine=rvv regime=micro-fixed board=k1,legacy-unlinked
dequantize_row,iq2_xxs,rvv,micro-fixed,rvv,dequant,T3-kernel-cell,false,open,PASS,2.26,标量类,dequantize_row_iq2_xxs,unresolved,,unresolved,unqualified,false,false,none,,legacy-unlinked
dequantize_row,iq2_xxs,rvv,micro-fixed,k1,dequant,T3-kernel-cell,false,measured,PASS,2.475,标量类,dequantize_row_iq2_xxs,pending,,unresolved,unqualified,false,false,legacy-t3,T3_master_rebuild.csv op=dequantize_row format=iq2_xxs engine=rvv regime=micro-fixed board=k1,legacy-unlinked
dequantize_row,iq2_xs,rvv,micro-fixed,rvv,dequant,T3-kernel-cell,false,open,PASS,3.88,标量类,dequantize_row_iq2_xs,unresolved,,unresolved,unqualified,false,false,none,,legacy-unlinked
dequantize_row,iq2_xs,rvv,micro-fixed,k1,dequant,T3-kernel-cell,false,measured,PASS,0.923,标量类,dequantize_row_iq2_xs,pending,,unresolved,unqualified,false,false,legacy-t3,T3_master_rebuild.csv op=dequantize_row format=iq2_xs engine=rvv regime=micro-fixed board=k1,legacy-unlinked
dequantize_row,iq2_s,rvv,micro-fixed,rvv,dequant,T3-kernel-cell,false,open,PASS,2.18,标量类,dequantize_row_iq2_s,unresolved,,unresolved,unqualified,false,false,none,,legacy-unlinked
dequantize_row,iq2_s,rvv,micro-fixed,k1,dequant,T3-kernel-cell,false,measured,PASS,1.813,标量类,dequantize_row_iq2_s,pending,,unresolved,unqualified,false,false,legacy-t3,T3_master_rebuild.csv op=dequantize_row format=iq2_s engine=rvv regime=micro-fixed board=k1,legacy-unlinked
dequantize_row,iq3_xxs,rvv,micro-fixed,rvv,dequant,T3-kernel-cell,false,open,PASS,1.39,标量类,dequantize_row_iq3_xxs,unresolved,,unresolved,unqualified,false,false,none,,legacy-unlinked
dequantize_row,iq3_xxs,rvv,micro-fixed,k1,dequant,T3-kernel-cell,false,measured,PASS,1.62,标量类,dequantize_row_iq3_xxs,pending,,unresolved,unqualified,false,false,legacy-t3,T3_master_rebuild.csv op=dequantize_row format=iq3_xxs engine=rvv regime=micro-fixed board=k1,legacy-unlinked
dequantize_row,iq3_s,rvv,micro-fixed,rvv,dequant,T3-kernel-cell,false,open,PASS,1.71,标量类,dequantize_row_iq3_s,unresolved,,unresolved,unqualified,false,false,none,,legacy-unlinked
dequantize_row,iq3_s,rvv,micro-fixed,k1,dequant,T3-kernel-cell,false,measured,PASS,1.86,标量类,dequantize_row_iq3_s,pending,,unresolved,unqualified,false,false,legacy-t3,T3_master_rebuild.csv op=dequantize_row format=iq3_s engine=rvv regime=micro-fixed board=k1,legacy-unlinked
dequantize_row,iq4_nl,rvv,micro-fixed,rvv,dequant,T3-kernel-cell,false,open,PASS,5.51,标量类,dequantize_row_iq4_nl,unresolved,,unresolved,unqualified,false,false,none,,legacy-unlinked
dequantize_row,iq4_nl,rvv,micro-fixed,k1,dequant,T3-kernel-cell,false,measured,PASS,3.867,标量类,dequantize_row_iq4_nl,pending,,unresolved,unqualified,false,false,legacy-t3,T3_master_rebuild.csv op=dequantize_row format=iq4_nl engine=rvv regime=micro-fixed board=k1,legacy-unlinked
dequantize_row,iq4_xs,rvv,micro-fixed,rvv,dequant,T3-kernel-cell,false,open,PASS,5.17,标量类,dequantize_row_iq4_xs,unresolved,,unresolved,unqualified,false,false,none,,legacy-unlinked
dequantize_row,iq4_xs,rvv,micro-fixed,k1,dequant,T3-kernel-cell,false,measured,PASS,3.151,标量类,dequantize_row_iq4_xs,pending,,unresolved,unqualified,false,false,legacy-t3,T3_master_rebuild.csv op=dequantize_row format=iq4_xs engine=rvv regime=micro-fixed board=k1,legacy-unlinked
dequantize_row,mxfp4,rvv,micro-fixed,rvv,dequant,T3-kernel-cell,false,open,PASS,6.42,标量类,dequantize_row_mxfp4,unresolved,,unresolved,unqualified,false,false,none,,legacy-unlinked
dequantize_row,mxfp4,rvv,micro-fixed,k1,dequant,T3-kernel-cell,false,measured,PASS,3.13,标量类,dequantize_row_mxfp4,pending,,unresolved,unqualified,false,false,legacy-t3,T3_master_rebuild.csv op=dequantize_row format=mxfp4 engine=rvv regime=micro-fixed board=k1,legacy-unlinked
dequantize_row,nvfp4,rvv,micro-fixed,rvv,dequant,T3-kernel-cell,false,open,PASS,0.8,标量类,dequantize_row_nvfp4,unresolved,,unresolved,unqualified,false,false,none,,legacy-unlinked
dequantize_row,nvfp4,rvv,micro-fixed,k1,dequant,T3-kernel-cell,false,measured,具名-X,0.716,标量类,dequantize_row_nvfp4,pending,,unresolved,unqualified,false,false,legacy-t3,T3_master_rebuild.csv op=dequantize_row format=nvfp4 engine=rvv regime=micro-fixed board=k1,legacy-unlinked
dequantize_row,tq1_0,rvv,micro-fixed,rvv,dequant,T3-kernel-cell,false,open,PASS,1.05,标量类,dequantize_row_tq1_0,unresolved,,unresolved,unqualified,false,false,none,,legacy-unlinked
dequantize_row,tq1_0,rvv,micro-fixed,k1,dequant,T3-kernel-cell,false,measured,PASS,4.285,标量类,dequantize_row_tq1_0,pending,,unresolved,unqualified,false,false,legacy-t3,T3_master_rebuild.csv op=dequantize_row format=tq1_0 engine=rvv regime=micro-fixed board=k1,legacy-unlinked
dequantize_row,tq2_0,rvv,micro-fixed,rvv,dequant,T3-kernel-cell,false,open,PASS,1.0,标量类,dequantize_row_tq2_0,unresolved,,unresolved,unqualified,false,false,none,,legacy-unlinked
dequantize_row,tq2_0,rvv,micro-fixed,k1,dequant,T3-kernel-cell,false,measured,PASS,4.232,标量类,dequantize_row_tq2_0,pending,,unresolved,unqualified,false,false,legacy-t3,T3_master_rebuild.csv op=dequantize_row format=tq2_0 engine=rvv regime=micro-fixed board=k1,legacy-unlinked
gemm_tile,q4_0,rvv,decode,rvv,matmul,T3-kernel-cell,false,measured,PASS(decode-M1-GEVM),6.909,通用向量,ggml_vec_dot_q4_0_q8_0(block-dot),pending,,unresolved,unqualified,false,false,legacy-t3,T3_master_rebuild.csv op=gemm_tile format=q4_0 engine=rvv regime=decode board=rvv,legacy-unlinked
gemm_tile,q4_0,rvv,decode,k1,matmul,T3-kernel-cell,false,measured,PASS(decode-M1-GEVM),2.575,通用向量,block-dot,pending,,unresolved,unqualified,false,false,legacy-t3,T3_master_rebuild.csv op=gemm_tile format=q4_0 engine=rvv regime=decode board=k1,legacy-unlinked
gemm_tile,q4_0,rvv,prefill,rvv,matmul,T3-kernel-cell,false,measured,PASS,6.224,通用向量,ggml_vec_dot_q4_0_q8_0(block-dot),pending,,unresolved,unqualified,false,false,legacy-t3,T3_master_rebuild.csv op=gemm_tile format=q4_0 engine=rvv regime=prefill board=rvv,legacy-unlinked
gemm_tile,q4_0,rvv,prefill,k1,matmul,T3-kernel-cell,false,measured,PASS,3.5,通用向量,block-dot,pending,,unresolved,unqualified,false,false,legacy-t3,T3_master_rebuild.csv op=gemm_tile format=q4_0 engine=rvv regime=prefill board=k1,legacy-unlinked
gemm_tile,q4_1,rvv,decode,rvv,matmul,T3-kernel-cell,false,open,pending-fold,,通用向量,ggml_vec_dot_q4_1_q8_1(CROSSOP),unresolved,,unresolved,unqualified,false,false,none,,open
gemm_tile,q4_1,rvv,decode,k1,matmul,T3-kernel-cell,false,open,pending-fold,,通用向量,ggml_vec_dot_q4_1_q8_1(CROSSOP),unresolved,,unresolved,unqualified,false,false,none,,open
gemm_tile,q4_1,rvv,prefill,rvv,matmul,T3-kernel-cell,false,measured,PASS,6.105,通用向量,ggml_vec_dot_q4_1_q8_1(CROSSOP),pending,,unresolved,unqualified,false,false,legacy-t3,T3_master_rebuild.csv op=gemm_tile format=q4_1 engine=rvv regime=prefill board=rvv,legacy-unlinked
gemm_tile,q4_1,rvv,prefill,k1,matmul,T3-kernel-cell,false,measured,PASS,7.11,通用向量,ggml_vec_dot_q4_1_q8_1(CROSSOP),pending,,unresolved,unqualified,false,false,legacy-t3,T3_master_rebuild.csv op=gemm_tile format=q4_1 engine=rvv regime=prefill board=k1,legacy-unlinked
gemm_tile,q5_0,rvv,decode,rvv,matmul,T3-kernel-cell,false,measured,PASS(decode-M1-GEVM),0.947,通用向量,FLAT block-dot,pending,,unresolved,unqualified,false,false,legacy-t3,T3_master_rebuild.csv op=gemm_tile format=q5_0 engine=rvv regime=decode board=rvv,legacy-unlinked
gemm_tile,q5_0,rvv,decode,k1,matmul,T3-kernel-cell,false,measured,PASS-DEPLOYED(decode-GEVM·C1),1.205,通用向量,FLAT block-dot,pending,,unresolved,unqualified,false,false,legacy-t3,T3_master_rebuild.csv op=gemm_tile format=q5_0 engine=rvv regime=decode board=k1,legacy-unlinked
gemm_tile,q5_0,rvv,prefill,rvv,matmul,T3-kernel-cell,false,measured,PASS,1.232,通用向量,FLAT block-dot,pending,,unresolved,unqualified,false,false,legacy-t3,T3_master_rebuild.csv op=gemm_tile format=q5_0 engine=rvv regime=prefill board=rvv,legacy-unlinked
gemm_tile,q5_0,rvv,prefill,k1,matmul,T3-kernel-cell,false,measured,PASS,2.327,通用向量,FLAT block-dot,pending,,unresolved,unqualified,false,false,legacy-t3,T3_master_rebuild.csv op=gemm_tile format=q5_0 engine=rvv regime=prefill board=k1,legacy-unlinked
gemm_tile,q5_1,rvv,decode,rvv,matmul,T3-kernel-cell,false,measured,PASS(decode-M1-GEVM),1.09,通用向量,FLAT block-dot,pending,,unresolved,unqualified,false,false,legacy-t3,T3_master_rebuild.csv op=gemm_tile format=q5_1 engine=rvv regime=decode board=rvv,legacy-unlinked
gemm_tile,q5_1,rvv,decode,k1,matmul,T3-kernel-cell,false,measured,PASS-DEPLOYED(decode-GEVM·C1),1.317,通用向量,FLAT block-dot,pending,,unresolved,unqualified,false,false,legacy-t3,T3_master_rebuild.csv op=gemm_tile format=q5_1 engine=rvv regime=decode board=k1,legacy-unlinked
gemm_tile,q5_1,rvv,prefill,rvv,matmul,T3-kernel-cell,false,measured,PASS,1.412,通用向量,FLAT block-dot,pending,,unresolved,unqualified,false,false,legacy-t3,T3_master_rebuild.csv op=gemm_tile format=q5_1 engine=rvv regime=prefill board=rvv,legacy-unlinked
gemm_tile,q5_1,rvv,prefill,k1,matmul,T3-kernel-cell,false,measured,PASS,2.568,通用向量,FLAT block-dot,pending,,unresolved,unqualified,false,false,legacy-t3,T3_master_rebuild.csv op=gemm_tile format=q5_1 engine=rvv regime=prefill board=k1,legacy-unlinked
gemm_tile,q8_0,rvv,decode,rvv,matmul,T3-kernel-cell,false,open,pending-fold,,通用向量,FLAT block-dot,unresolved,,unresolved,unqualified,false,false,none,,open
gemm_tile,q8_0,rvv,decode,k1,matmul,T3-kernel-cell,false,open,pending-fold,,通用向量,FLAT block-dot,unresolved,,unresolved,unqualified,false,false,none,,open
gemm_tile,q8_0,rvv,prefill,rvv,matmul,T3-kernel-cell,false,measured,PASS,4.752,通用向量,FLAT block-dot,pending,,unresolved,unqualified,false,false,legacy-t3,T3_master_rebuild.csv op=gemm_tile format=q8_0 engine=rvv regime=prefill board=rvv,legacy-unlinked
gemm_tile,q8_0,rvv,prefill,k1,matmul,T3-kernel-cell,false,measured,PASS,1.48,通用向量,FLAT block-dot,pending,,unresolved,unqualified,false,false,legacy-t3,T3_master_rebuild.csv op=gemm_tile format=q8_0 engine=rvv regime=prefill board=k1,legacy-unlinked
gemm_tile,q1_0,rvv,prefill,rvv,matmul,T3-kernel-cell,false,open,域外-永久(q1_0),,域外,(Weft-internal),unresolved,,unresolved,unqualified,false,false,none,,open
gemm_tile,q1_0,rvv,prefill,k1,matmul,T3-kernel-cell,false,open,域外-永久(q1_0),,域外,(Weft-internal),unresolved,,unresolved,unqualified,false,false,none,,open
gemm_tile,q2_K,rvv,decode,rvv,matmul,T3-kernel-cell,false,measured,具名-X(decode-M1),0.0685,手调,ggml_vec_dot_q2_K_q8_K_vl128(CROSSOP),pass,,unresolved,unqualified,false,false,legacy-t3,T3_master_rebuild.csv op=gemm_tile format=q2_K engine=rvv regime=decode board=rvv,legacy-unlinked
gemm_tile,q2_K,rvv,decode,k1,matmul,T3-kernel-cell,false,measured,PASS(decode-M1-GEVM),0.9585,手调,ggml_gemm_q2_K_8x8_q8_K(REAL),pending,,unresolved,unqualified,false,false,legacy-t3,T3_master_rebuild.csv op=gemm_tile format=q2_K engine=rvv regime=decode board=k1,legacy-unlinked
gemm_tile,q2_K,rvv,prefill,rvv,matmul,T3-kernel-cell,false,measured,PASS,1.112,手调,ggml_vec_dot_q2_K_q8_K_vl128(CROSSOP),pending,,unresolved,unqualified,false,false,legacy-t3,T3_master_rebuild.csv op=gemm_tile format=q2_K engine=rvv regime=prefill board=rvv,legacy-unlinked
gemm_tile,q2_K,rvv,prefill,k1,matmul,T3-kernel-cell,false,measured,PASS,1.364,手调,ggml_gemm_q2_K_8x8_q8_K(REAL),pending,,unresolved,unqualified,false,false,legacy-t3,T3_master_rebuild.csv op=gemm_tile format=q2_K engine=rvv regime=prefill board=k1,legacy-unlinked
gemm_tile,q3_K,rvv,decode,rvv,matmul,T3-kernel-cell,false,measured,具名-X(decode-M1),0.083,手调,ggml_vec_dot_q3_K_q8_K_vl128(CROSSOP),pass,,unresolved,unqualified,false,false,legacy-t3,T3_master_rebuild.csv op=gemm_tile format=q3_K engine=rvv regime=decode board=rvv,legacy-unlinked
gemm_tile,q3_K,rvv,decode,k1,matmul,T3-kernel-cell,false,measured,具名-X(decode-M1),0.4252,手调,ggml_vec_dot_q3_K_q8_K_vl256(CROSSOP),pending,,unresolved,unqualified,false,false,legacy-t3,T3_master_rebuild.csv op=gemm_tile format=q3_K engine=rvv regime=decode board=k1,legacy-unlinked
gemm_tile,q3_K,rvv,prefill,rvv,matmul,T3-kernel-cell,false,measured,PASS,1.399,手调,ggml_vec_dot_q3_K_q8_K_vl128(CROSSOP),pending,,unresolved,unqualified,false,false,legacy-t3,T3_master_rebuild.csv op=gemm_tile format=q3_K engine=rvv regime=prefill board=rvv,legacy-unlinked
gemm_tile,q3_K,rvv,prefill,k1,matmul,T3-kernel-cell,false,measured,PASS,2.92,手调,ggml_vec_dot_q3_K_q8_K_vl256(CROSSOP),pending,,unresolved,unqualified,false,false,legacy-t3,T3_master_rebuild.csv op=gemm_tile format=q3_K engine=rvv regime=prefill board=k1,legacy-unlinked
gemm_tile,q4_K,rvv,decode,rvv,matmul,T3-kernel-cell,false,measured,具名-X(decode-M1),0.361,手调,ggml_vec_dot_q4_K_q8_K_vl128(CROSSOP),pending,,unresolved,unqualified,false,false,legacy-t3,T3_master_rebuild.csv op=gemm_tile format=q4_K engine=rvv regime=decode board=rvv,legacy-unlinked
gemm_tile,q4_K,rvv,decode,k1,matmul,T3-kernel-cell,false,measured,PASS(decode-M1-GEVM),1.535,手调,ggml_gemm_q4_K_16x1_q8_K(REAL),pending,,unresolved,unqualified,false,false,legacy-t3,T3_master_rebuild.csv op=gemm_tile format=q4_K engine=rvv regime=decode board=k1,legacy-unlinked
gemm_tile,q4_K,rvv,prefill,rvv,matmul,T3-kernel-cell,false,measured,PASS,1.114,手调,ggml_vec_dot_q4_K_q8_K_vl128(CROSSOP),pending,,unresolved,unqualified,false,false,legacy-t3,T3_master_rebuild.csv op=gemm_tile format=q4_K engine=rvv regime=prefill board=rvv,legacy-unlinked
gemm_tile,q4_K,rvv,prefill,k1,matmul,T3-kernel-cell,false,measured,PASS,1.187,手调,ggml_gemm_q4_K_16x1_q8_K(REAL),pending,,unresolved,unqualified,false,false,legacy-t3,T3_master_rebuild.csv op=gemm_tile format=q4_K engine=rvv regime=prefill board=k1,legacy-unlinked
gemm_tile,q5_K,rvv,decode,rvv,matmul,T3-kernel-cell,false,measured,具名-X(decode-M1),0.1273,通用向量,ggml_vec_dot_q5_K_q8_K(CROSSOP),pending,,unresolved,unqualified,false,false,legacy-t3,T3_master_rebuild.csv op=gemm_tile format=q5_K engine=rvv regime=decode board=rvv,legacy-unlinked
gemm_tile,q5_K,rvv,decode,k1,matmul,T3-kernel-cell,false,measured,具名-X(decode-M1),0.6806,手调,ggml_gemm_q5_K_8x4_q8_K(repack),pending,,unresolved,unqualified,false,false,legacy-t3,T3_master_rebuild.csv op=gemm_tile format=q5_K engine=rvv regime=decode board=k1,legacy-unlinked
gemm_tile,q5_K,rvv,prefill,rvv,matmul,T3-kernel-cell,false,measured,PASS,1.067,通用向量,ggml_vec_dot_q5_K_q8_K(CROSSOP),pending,,unresolved,unqualified,false,false,legacy-t3,T3_master_rebuild.csv op=gemm_tile format=q5_K engine=rvv regime=prefill board=rvv,legacy-unlinked
gemm_tile,q5_K,rvv,prefill,k1,matmul,T3-kernel-cell,false,measured,PASS,4.448,手调,ggml_gemm_q5_K_8x4_q8_K(repack),pending,,unresolved,unqualified,false,false,legacy-t3,T3_master_rebuild.csv op=gemm_tile format=q5_K engine=rvv regime=prefill board=k1,legacy-unlinked
gemm_tile,q6_K,rvv,decode,rvv,matmul,T3-kernel-cell,false,measured,具名-X(decode-M1),0.0535,手调,ggml_vec_dot_q6_K_q8_K_vl128(CROSSOP),pass,,unresolved,unqualified,false,false,legacy-t3,T3_master_rebuild.csv op=gemm_tile format=q6_K engine=rvv regime=decode board=rvv,legacy-unlinked
gemm_tile,q6_K,rvv,decode,k1,matmul,T3-kernel-cell,false,measured,具名-X(decode-M1),0.3771,手调,ggml_gemm_q6_K_16x1_q8_K(repack),pending,,unresolved,unqualified,false,false,legacy-t3,T3_master_rebuild.csv op=gemm_tile format=q6_K engine=rvv regime=decode board=k1,legacy-unlinked
gemm_tile,q6_K,rvv,prefill,rvv,matmul,T3-kernel-cell,false,measured,PASS,0.96,手调,ggml_vec_dot_q6_K_q8_K_vl128(CROSSOP),pending,,unresolved,unqualified,false,false,legacy-t3,T3_master_rebuild.csv op=gemm_tile format=q6_K engine=rvv regime=prefill board=rvv,legacy-unlinked
gemm_tile,q6_K,rvv,prefill,k1,matmul,T3-kernel-cell,false,measured,PASS,1.769,手调,ggml_gemm_q6_K_16x1_q8_K(repack),pending,,unresolved,unqualified,false,false,legacy-t3,T3_master_rebuild.csv op=gemm_tile format=q6_K engine=rvv regime=prefill board=k1,legacy-unlinked
gemm_tile,iq1_s,rvv,prefill,rvv,matmul,T3-kernel-cell,false,open,具名-X,0.6643,标量类,ggml_vec_dot_iq1_s_q8_K_vl128(CROSSOP),unresolved,,unresolved,unqualified,false,false,none,,legacy-unlinked
gemm_tile,iq1_s,rvv,prefill,k1,matmul,T3-kernel-cell,false,open,PASS,1.3406,标量类,ggml_vec_dot_iq1_s_q8_K_vl256(CROSSOP),unresolved,,unresolved,unqualified,false,false,none,,legacy-unlinked
gemm_tile,iq1_m,rvv,prefill,rvv,matmul,T3-kernel-cell,false,open,具名-X,0.5713,标量类,ggml_vec_dot_iq1_m_q8_K_vl128(CROSSOP),unresolved,,unresolved,unqualified,false,false,none,,legacy-unlinked
gemm_tile,iq1_m,rvv,prefill,k1,matmul,T3-kernel-cell,false,open,PASS,1.7936,标量类,ggml_vec_dot_iq1_m_q8_K_vl256(CROSSOP),unresolved,,unresolved,unqualified,false,false,none,,legacy-unlinked
gemm_tile,iq2_xxs,rvv,decode,rvv,matmul,T3-kernel-cell,false,measured,具名-X(decode-M1),0.6,标量类,ggml scalar-ref(fallback),pending,,unresolved,unqualified,false,false,legacy-t3,T3_master_rebuild.csv op=gemm_tile format=iq2_xxs engine=rvv regime=decode board=rvv,legacy-unlinked
gemm_tile,iq2_xxs,rvv,decode,k1,matmul,T3-kernel-cell,false,measured,PASS(decode-M1-GEVM),1.13,标量类,ggml scalar-ref(fallback),pending,,unresolved,unqualified,false,false,legacy-t3,T3_master_rebuild.csv op=gemm_tile format=iq2_xxs engine=rvv regime=decode board=k1,legacy-unlinked
gemm_tile,iq2_xxs,rvv,prefill,rvv,matmul,T3-kernel-cell,false,measured,PASS,2.32,标量类,ggml scalar-ref(fallback),pending,,unresolved,unqualified,false,false,legacy-t3,T3_master_rebuild.csv op=gemm_tile format=iq2_xxs engine=rvv regime=prefill board=rvv,legacy-unlinked
gemm_tile,iq2_xxs,rvv,prefill,k1,matmul,T3-kernel-cell,false,measured,PASS,1.4581,标量类,ggml scalar-ref(fallback),pending,,unresolved,unqualified,false,false,legacy-t3,T3_master_rebuild.csv op=gemm_tile format=iq2_xxs engine=rvv regime=prefill board=k1,legacy-unlinked
gemm_tile,iq2_xs,rvv,decode,rvv,matmul,T3-kernel-cell,false,measured,PASS(decode-M1-GEVM),1.0,标量类,ggml scalar-ref(fallback),pending,,unresolved,unqualified,false,false,legacy-t3,T3_master_rebuild.csv op=gemm_tile format=iq2_xs engine=rvv regime=decode board=rvv,legacy-unlinked
gemm_tile,iq2_xs,rvv,decode,k1,matmul,T3-kernel-cell,false,measured,PASS(decode-M1-GEVM),3.81,标量类,ggml scalar-ref(fallback),pending,,unresolved,unqualified,false,false,legacy-t3,T3_master_rebuild.csv op=gemm_tile format=iq2_xs engine=rvv regime=decode board=k1,legacy-unlinked
gemm_tile,iq2_xs,rvv,prefill,rvv,matmul,T3-kernel-cell,false,measured,PASS,12.32,标量类,ggml scalar-ref(fallback),pending,,unresolved,unqualified,false,false,legacy-t3,T3_master_rebuild.csv op=gemm_tile format=iq2_xs engine=rvv regime=prefill board=rvv,legacy-unlinked
gemm_tile,iq2_xs,rvv,prefill,k1,matmul,T3-kernel-cell,false,measured,PASS,1.1513,标量类,ggml scalar-ref(fallback),pending,,unresolved,unqualified,false,false,legacy-t3,T3_master_rebuild.csv op=gemm_tile format=iq2_xs engine=rvv regime=prefill board=k1,legacy-unlinked
gemm_tile,iq2_s,rvv,decode,rvv,matmul,T3-kernel-cell,false,measured,PASS(decode-M1-GEVM),1.03,标量类,ggml scalar-ref(fallback),pending,,unresolved,unqualified,false,false,legacy-t3,T3_master_rebuild.csv op=gemm_tile format=iq2_s engine=rvv regime=decode board=rvv,legacy-unlinked
gemm_tile,iq2_s,rvv,decode,k1,matmul,T3-kernel-cell,false,measured,PASS(decode-M1-GEVM),3.55,标量类,ggml scalar-ref(fallback),pending,,unresolved,unqualified,false,false,legacy-t3,T3_master_rebuild.csv op=gemm_tile format=iq2_s engine=rvv regime=decode board=k1,legacy-unlinked
gemm_tile,iq2_s,rvv,prefill,rvv,matmul,T3-kernel-cell,false,measured,PASS,11.49,标量类,ggml scalar-ref(fallback),pending,,unresolved,unqualified,false,false,legacy-t3,T3_master_rebuild.csv op=gemm_tile format=iq2_s engine=rvv regime=prefill board=rvv,legacy-unlinked
gemm_tile,iq2_s,rvv,prefill,k1,matmul,T3-kernel-cell,false,measured,PASS,1.3932,标量类,ggml scalar-ref(fallback),pending,,unresolved,unqualified,false,false,legacy-t3,T3_master_rebuild.csv op=gemm_tile format=iq2_s engine=rvv regime=prefill board=k1,legacy-unlinked
gemm_tile,iq3_xxs,rvv,prefill,rvv,matmul,T3-kernel-cell,false,open,PASS,0.9484,标量类,ggml_vec_dot_iq3_xxs_q8_K_vl128(CROSSOP),unresolved,,unresolved,unqualified,false,false,none,,legacy-unlinked
gemm_tile,iq3_xxs,rvv,prefill,k1,matmul,T3-kernel-cell,false,open,PASS,1.3811,标量类,ggml_vec_dot_iq3_xxs_q8_K_vl256(CROSSOP),unresolved,,unresolved,unqualified,false,false,none,,legacy-unlinked
gemm_tile,iq3_s,rvv,prefill,rvv,matmul,T3-kernel-cell,false,open,PASS,1.3483,标量类,ggml_vec_dot_iq3_s_q8_K_vl128(CROSSOP),unresolved,,unresolved,unqualified,false,false,none,,legacy-unlinked
gemm_tile,iq3_s,rvv,prefill,k1,matmul,T3-kernel-cell,false,open,PASS,1.2074,标量类,ggml_vec_dot_iq3_s_q8_K_vl256(CROSSOP),unresolved,,unresolved,unqualified,false,false,none,,legacy-unlinked
gemm_tile,iq4_nl,rvv,decode,rvv,matmul,T3-kernel-cell,false,open,具名-X,0.234,通用向量,ggml_vec_dot_iq4_nl_q8_0_vl128(CROSSOP),unresolved,,unresolved,unqualified,false,false,none,,legacy-unlinked
gemm_tile,iq4_nl,rvv,decode,k1,matmul,T3-kernel-cell,false,open,具名-X(decode-M1),0.2493,通用向量,ggml_vec_dot_iq4_nl_q8_0_vl256(CROSSOP),unresolved,,unresolved,unqualified,false,false,none,,legacy-unlinked
gemm_tile,iq4_nl,rvv,prefill,rvv,matmul,T3-kernel-cell,false,open,具名-X,0.755,通用向量,ggml_vec_dot_iq4_nl_q8_0_vl128(CROSSOP),unresolved,,unresolved,unqualified,false,false,none,,legacy-unlinked
gemm_tile,iq4_nl,rvv,prefill,k1,matmul,T3-kernel-cell,false,open,具名-X,0.425,通用向量,ggml_vec_dot_iq4_nl_q8_0_vl256(CROSSOP),unresolved,,unresolved,unqualified,false,false,none,,legacy-unlinked
gemm_tile,iq4_xs,rvv,decode,rvv,matmul,T3-kernel-cell,false,measured,具名-X(decode-M1),0.63,标量类,ggml scalar-ref(fallback),pending,,unresolved,unqualified,false,false,legacy-t3,T3_master_rebuild.csv op=gemm_tile format=iq4_xs engine=rvv regime=decode board=rvv,legacy-unlinked
gemm_tile,iq4_xs,rvv,decode,k1,matmul,T3-kernel-cell,false,measured,PASS(decode-M1-GEVM),0.93,标量类,ggml scalar-ref(fallback),pending,,unresolved,unqualified,false,false,legacy-t3,T3_master_rebuild.csv op=gemm_tile format=iq4_xs engine=rvv regime=decode board=k1,legacy-unlinked
gemm_tile,iq4_xs,rvv,prefill,rvv,matmul,T3-kernel-cell,false,measured,PASS,3.15,标量类,ggml scalar-ref(fallback),pending,,unresolved,unqualified,false,false,legacy-t3,T3_master_rebuild.csv op=gemm_tile format=iq4_xs engine=rvv regime=prefill board=rvv,legacy-unlinked
gemm_tile,iq4_xs,rvv,prefill,k1,matmul,T3-kernel-cell,false,measured,PASS,2.1,标量类,ggml scalar-ref(fallback),pending,,unresolved,unqualified,false,false,legacy-t3,T3_master_rebuild.csv op=gemm_tile format=iq4_xs engine=rvv regime=prefill board=k1,legacy-unlinked
gemm_tile,mxfp4,rvv,decode,rvv,matmul,T3-kernel-cell,false,measured,PASS(decode-M1-GEVM),1.51,标量类,ggml scalar-ref(fallback),pending,,unresolved,unqualified,false,false,legacy-t3,T3_master_rebuild.csv op=gemm_tile format=mxfp4 engine=rvv regime=decode board=rvv,legacy-unlinked
gemm_tile,mxfp4,rvv,decode,k1,matmul,T3-kernel-cell,false,measured,PASS(decode-M1-GEVM),0.94,标量类,ggml scalar-ref(fallback),pending,,unresolved,unqualified,false,false,legacy-t3,T3_master_rebuild.csv op=gemm_tile format=mxfp4 engine=rvv regime=decode board=k1,legacy-unlinked
gemm_tile,mxfp4,rvv,prefill,rvv,matmul,T3-kernel-cell,false,measured,PASS,3.65,标量类,ggml scalar-ref(fallback),pending,,unresolved,unqualified,false,false,legacy-t3,T3_master_rebuild.csv op=gemm_tile format=mxfp4 engine=rvv regime=prefill board=rvv,legacy-unlinked
gemm_tile,mxfp4,rvv,prefill,k1,matmul,T3-kernel-cell,false,measured,PASS,2.3,标量类,ggml scalar-ref(fallback),pending,,unresolved,unqualified,false,false,legacy-t3,T3_master_rebuild.csv op=gemm_tile format=mxfp4 engine=rvv regime=prefill board=k1,legacy-unlinked
gemm_tile,nvfp4,rvv,prefill,rvv,matmul,T3-kernel-cell,false,open,pending-真(待补标量仗),,标量类,ggml scalar-ref(fallback·generic-C),unresolved,,unresolved,unqualified,false,false,none,,open
gemm_tile,nvfp4,rvv,prefill,k1,matmul,T3-kernel-cell,false,open,pending-真(待补标量仗),,标量类,ggml scalar-ref(fallback),unresolved,,unresolved,unqualified,false,false,none,,open
gemm_tile,tq1_0,rvv,decode,rvv,matmul,T3-kernel-cell,false,measured,PASS(decode-M1-GEVM),1.67,标量类,ggml scalar-ref(fallback),pending,,unresolved,unqualified,false,false,legacy-t3,T3_master_rebuild.csv op=gemm_tile format=tq1_0 engine=rvv regime=decode board=rvv,legacy-unlinked
gemm_tile,tq1_0,rvv,decode,k1,matmul,T3-kernel-cell,false,measured,PASS(decode-M1-GEVM),1.99,标量类,ggml scalar-ref(fallback),pending,,unresolved,unqualified,false,false,legacy-t3,T3_master_rebuild.csv op=gemm_tile format=tq1_0 engine=rvv regime=decode board=k1,legacy-unlinked
gemm_tile,tq1_0,rvv,prefill,rvv,matmul,T3-kernel-cell,false,measured,PASS,7.9,标量类,ggml scalar-ref(fallback),pending,,unresolved,unqualified,false,false,legacy-t3,T3_master_rebuild.csv op=gemm_tile format=tq1_0 engine=rvv regime=prefill board=rvv,legacy-unlinked
gemm_tile,tq1_0,rvv,prefill,k1,matmul,T3-kernel-cell,false,measured,PASS,6.45,标量类,ggml scalar-ref(fallback),pending,,unresolved,unqualified,false,false,legacy-t3,T3_master_rebuild.csv op=gemm_tile format=tq1_0 engine=rvv regime=prefill board=k1,legacy-unlinked
gemm_tile,tq2_0,rvv,decode,rvv,matmul,T3-kernel-cell,false,measured,PASS(decode-M1-GEVM),1.19,标量类,ggml scalar-ref(fallback),pending,,unresolved,unqualified,false,false,legacy-t3,T3_master_rebuild.csv op=gemm_tile format=tq2_0 engine=rvv regime=decode board=rvv,legacy-unlinked
gemm_tile,tq2_0,rvv,decode,k1,matmul,T3-kernel-cell,false,measured,PASS(decode-M1-GEVM),1.59,标量类,ggml scalar-ref(fallback),pending,,unresolved,unqualified,false,false,legacy-t3,T3_master_rebuild.csv op=gemm_tile format=tq2_0 engine=rvv regime=decode board=k1,legacy-unlinked
gemm_tile,tq2_0,rvv,prefill,rvv,matmul,T3-kernel-cell,false,measured,PASS,9.91,标量类,ggml scalar-ref(fallback),pending,,unresolved,unqualified,false,false,legacy-t3,T3_master_rebuild.csv op=gemm_tile format=tq2_0 engine=rvv regime=prefill board=rvv,legacy-unlinked
gemm_tile,tq2_0,rvv,prefill,k1,matmul,T3-kernel-cell,false,measured,PASS,4.76,标量类,ggml scalar-ref(fallback),pending,,unresolved,unqualified,false,false,legacy-t3,T3_master_rebuild.csv op=gemm_tile format=tq2_0 engine=rvv regime=prefill board=k1,legacy-unlinked
gemm_tile,q4_0,ime,prefill,rvv,matmul,T3-kernel-cell,false,n_a,N/A-hw,,N/A-hw,—,unresolved,,unresolved,unqualified,false,false,none,,n_a
gemm_tile,q4_0,ime,prefill,k1,matmul,T3-kernel-cell,false,measured,具名-X(IME-kernel-sym·vendor手调IME),0.196,手调,stock IME q4_0 (vendor),pending,,unresolved,unqualified,false,false,legacy-t3,T3_master_rebuild.csv op=gemm_tile format=q4_0 engine=ime regime=prefill board=k1,legacy-unlinked
gemm_tile,q8_0,ime,prefill,rvv,matmul,T3-kernel-cell,false,n_a,N/A-hw,,N/A-hw,—,unresolved,,unresolved,unqualified,false,false,none,,n_a
gemm_tile,q8_0,ime,prefill,k1,matmul,T3-kernel-cell,false,open,PASS(IME-kernel-sym·对手RVV-repack回退部署真核·near-parity非硬赢·非vendor-IME·禁写赢了IME),0.937,手调,stock IME q8_0 (vendor),unresolved,,unresolved,unqualified,false,false,none,,legacy-unlinked
gemm_tile,q4_K,ime,prefill,rvv,matmul,T3-kernel-cell,false,n_a,N/A-hw,,N/A-hw,—,unresolved,,unresolved,unqualified,false,false,none,,n_a
gemm_tile,q4_K,ime,prefill,k1,matmul,T3-kernel-cell,false,measured,具名-X(IME-kernel-sym·vendor手调IME),0.049,手调,stock IME q4_K (vendor),pending,,unresolved,unqualified,false,false,legacy-t3,T3_master_rebuild.csv op=gemm_tile format=q4_K engine=ime regime=prefill board=k1,legacy-unlinked
rms_norm,f32,rvv,micro-fixed,rvv,forward,T3-kernel-cell,false,measured,PASS,1.24,通用向量,ggml_compute_forward_rms_norm_f32,pending,,unresolved,unqualified,false,false,legacy-t3,T3_master_rebuild.csv op=rms_norm format=f32 engine=rvv regime=micro-fixed board=rvv,legacy-unlinked
rms_norm,f32,rvv,micro-fixed,k1,forward,T3-kernel-cell,false,measured,PASS,1.336,通用向量,ggml_compute_forward_rms_norm_f32,pending,,unresolved,unqualified,false,false,legacy-t3,T3_master_rebuild.csv op=rms_norm format=f32 engine=rvv regime=micro-fixed board=k1,legacy-unlinked
softmax,f32,rvv,micro-fixed,rvv,forward,T3-kernel-cell,false,measured,PASS,1.007,通用向量,ggml_vec_soft_max_f32,pending,,unresolved,unqualified,false,false,legacy-t3,T3_master_rebuild.csv op=softmax format=f32 engine=rvv regime=micro-fixed board=rvv,legacy-unlinked
softmax,f32,rvv,micro-fixed,k1,forward,T3-kernel-cell,false,measured,PASS,1.004,通用向量,ggml_vec_soft_max_f32,pending,,unresolved,unqualified,false,false,legacy-t3,T3_master_rebuild.csv op=softmax format=f32 engine=rvv regime=micro-fixed board=k1,legacy-unlinked
rope,f32,rvv,micro-fixed,rvv,forward,T3-kernel-cell,false,measured,PASS,1.013,标量类,ggml_compute_forward_rope_f32,pending,,unresolved,unqualified,false,false,legacy-t3,T3_master_rebuild.csv op=rope format=f32 engine=rvv regime=micro-fixed board=rvv,legacy-unlinked
rope,f32,rvv,micro-fixed,k1,forward,T3-kernel-cell,false,measured,PASS,0.982,标量类,ggml_compute_forward_rope_f32,pending,,unresolved,unqualified,false,false,legacy-t3,T3_master_rebuild.csv op=rope format=f32 engine=rvv regime=micro-fixed board=k1,legacy-unlinked
silu,f32,rvv,micro-fixed,rvv,forward,T3-kernel-cell,false,measured,PASS,0.997,通用向量,ggml_vec_silu_f32,pending,,unresolved,unqualified,false,false,legacy-t3,T3_master_rebuild.csv op=silu format=f32 engine=rvv regime=micro-fixed board=rvv,legacy-unlinked
silu,f32,rvv,micro-fixed,k1,forward,T3-kernel-cell,false,measured,PASS,1.012,通用向量,ggml_vec_silu_f32,pending,,unresolved,unqualified,false,false,legacy-t3,T3_master_rebuild.csv op=silu format=f32 engine=rvv regime=micro-fixed board=k1,legacy-unlinked
scale,f32,rvv,micro-fixed,rvv,forward,T3-kernel-cell,false,measured,PASS,0.998,通用向量,ggml_vec_scale_f32(vec.h:703),pending,,unresolved,unqualified,false,false,legacy-t3,T3_master_rebuild.csv op=scale format=f32 engine=rvv regime=micro-fixed board=rvv,legacy-unlinked
scale,f32,rvv,micro-fixed,k1,forward,T3-kernel-cell,false,measured,PASS,0.917,通用向量,ggml_vec_scale_f32,pending,,unresolved,unqualified,false,false,legacy-t3,T3_master_rebuild.csv op=scale format=f32 engine=rvv regime=micro-fixed board=k1,legacy-unlinked
gelu,f32,rvv,micro-fixed,rvv,forward,T3-kernel-cell,false,measured,PASS,0.141,标量类,ggml_table_gelu_f16(BSS-LUT),pending,,unresolved,unqualified,false,false,legacy-t3,T3_master_rebuild.csv op=gelu format=f32 engine=rvv regime=micro-fixed board=rvv,legacy-unlinked
gelu,f32,rvv,micro-fixed,k1,forward,T3-kernel-cell,false,measured,PASS,0.247,标量类,ggml_table_gelu_f16(BSS-LUT),pending,,unresolved,unqualified,false,false,legacy-t3,T3_master_rebuild.csv op=gelu format=f32 engine=rvv regime=micro-fixed board=k1,legacy-unlinked
add,f32,rvv,micro-fixed,rvv,forward,T3-kernel-cell,false,measured,PASS,0.967,标量类,ggml_vec_add_f32(vec.h:89),pending,,unresolved,unqualified,false,false,legacy-t3,T3_master_rebuild.csv op=add format=f32 engine=rvv regime=micro-fixed board=rvv,legacy-unlinked
add,f32,rvv,micro-fixed,k1,forward,T3-kernel-cell,false,measured,PASS,1.209,标量类,ggml_vec_add_f32,pending,,unresolved,unqualified,false,false,legacy-t3,T3_master_rebuild.csv op=add format=f32 engine=rvv regime=micro-fixed board=k1,legacy-unlinked
mul,f32,rvv,micro-fixed,rvv,forward,T3-kernel-cell,false,measured,PASS,0.963,标量类,ggml_vec_mul_f32(vec.h:127),pending,,unresolved,unqualified,false,false,legacy-t3,T3_master_rebuild.csv op=mul format=f32 engine=rvv regime=micro-fixed board=rvv,legacy-unlinked
mul,f32,rvv,micro-fixed,k1,forward,T3-kernel-cell,false,measured,PASS,1.189,标量类,ggml_vec_mul_f32,pending,,unresolved,unqualified,false,false,legacy-t3,T3_master_rebuild.csv op=mul format=f32 engine=rvv regime=micro-fixed board=k1,legacy-unlinked
cpy,f32,rvv,micro-fixed,rvv,forward,T3-kernel-cell,false,measured,PASS,0.987,标量类,ggml_vec_cpy_f32(vec.h:119),pending,,unresolved,unqualified,false,false,legacy-t3,T3_master_rebuild.csv op=cpy format=f32 engine=rvv regime=micro-fixed board=rvv,legacy-unlinked
cpy,f32,rvv,micro-fixed,k1,forward,T3-kernel-cell,false,measured,PASS,1.108,标量类,ggml_compute_forward_dup_cpy,pending,,unresolved,unqualified,false,false,legacy-t3,T3_master_rebuild.csv op=cpy format=f32 engine=rvv regime=micro-fixed board=k1,legacy-unlinked
