op,format,engine,regime,group,rvv_tier,rvv_disp,rvv_cold,rvv_opp_sym,rvv_note,k1_tier,k1_disp,k1_cold,k1_opp_sym,k1_note
vec_dot,q4_0,,,matmul,通用向量,PASS,0.938,ggml_vec_dot_q4_0_q8_0,light-vec block-dot 弱,通用向量,PASS,0.986,ggml_vec_dot_q4_0_q8_0,light-vec 弱
vec_dot,q4_1,,,matmul,通用向量,PASS,1.027,ggml_vec_dot_q4_1_q8_1,light-vec block-dot 弱,通用向量,PASS,1.008,ggml_vec_dot_q4_1_q8_1,light-vec 弱
vec_dot,q5_0,,,matmul,通用向量,PASS,0.451,ggml_vec_dot_q5_0_q8_0,native-vec 中·qh5bit VLEN-adaptive,通用向量,PASS,0.384,ggml_vec_dot_q5_0_q8_0,light-vec 弱·板异塌轻
vec_dot,q5_1,,,matmul,通用向量,PASS,0.446,ggml_vec_dot_q5_1_q8_1,native-vec 中·qh5bit,通用向量,PASS,0.398,ggml_vec_dot_q5_1_q8_1,light-vec 弱·板异
vec_dot,q8_0,,,matmul,通用向量,PASS,0.965,ggml_vec_dot_q8_0_q8_0,light-vec 弱·上游VLEN128破损,通用向量,PASS,0.984,ggml_vec_dot_q8_0_q8_0,light-vec 弱
vec_dot,q1_0,,,matmul,域外,域外-永久(q1_0),,(Weft-internal),q1_0 internal-A/B·永久域外·非分母,域外,域外-永久(q1_0),,(Weft-internal),q1_0 internal-A/B·永久域外·非分母
vec_dot,q2_K,,,matmul,手调,具名-X,0.342,ggml_vec_dot_q2_K_q8_K_vl128,SpacemiT vl128 full-unroll STRONG,手调,具名-X,0.684,ggml_vec_dot_q2_K_q8_K_vl256,SpacemiT vl256 STRONG
vec_dot,q3_K,,,matmul,手调,具名-X,0.258,ggml_vec_dot_q3_K_q8_K_vl128,SpacemiT vl128 STRONG,手调,具名-X,0.522,ggml_vec_dot_q3_K_q8_K_vl256,SpacemiT vl256 STRONG
vec_dot,q4_K,,,matmul,手调,具名-X,0.189,ggml_vec_dot_q4_K_q8_K_vl128,SpacemiT vl128 STRONG,手调,具名-X,0.592,ggml_vec_dot_q4_K_q8_K_vl256,SpacemiT vl256 STRONG
vec_dot,q5_K,,,matmul,通用向量,PASS,0.843,ggml_vec_dot_q5_K_q8_K,native-vec 中·NO vl-spec 唯一未手调,通用向量,PASS,1.065,ggml_vec_dot_q5_K_q8_K,native-vec-heavy·NO vl-spec 唯一未手调
vec_dot,q6_K,,,matmul,手调,具名-X,0.18,ggml_vec_dot_q6_K_q8_K_vl128,SpacemiT vl128 STRONG,手调,具名-X,0.549,ggml_vec_dot_q6_K_q8_K_vl256,SpacemiT vl256 STRONG
vec_dot,iq1_s,,,matmul,手调,具名-X,0.365,ggml_vec_dot_iq1_s_q8_K_vl128,SpacemiT vl128 grid-gather STRONG,手调,具名-X,0.361,ggml_vec_dot_iq1_s_q8_K_vl256,SpacemiT vl256 STRONG
vec_dot,iq1_m,,,matmul,手调,具名-X,0.152,ggml_vec_dot_iq1_m_q8_K_vl128,SpacemiT vl128 STRONG,手调,具名-X,0.25,ggml_vec_dot_iq1_m_q8_K_vl256,SpacemiT vl256 STRONG
vec_dot,iq2_xxs,,,matmul,手调,具名-X,0.697,ggml_vec_dot_iq2_xxs_q8_K_vl128.isra.0,objdump rvv:121/vec36/mac6/gather4·vl128手写gather→手调〔清偿〕,手调,具名-X,0.612,..._vl256,objdump k1:333/vec122/mac24/gather16→手调〔清偿〕
vec_dot,iq2_xs,,,matmul,手调,具名-X,0.529,ggml_vec_dot_iq2_xs_q8_K_vl128.isra.0,objdump rvv:226/vec73/mac24/gather8·heavy→手调〔清偿〕,手调,具名-X,0.474,..._vl256,objdump k1:216/vec53/mac20→手调〔清偿〕
vec_dot,iq2_s,,,matmul,手调,PASS,1.92,ggml_vec_dot_iq2_s_q8_K_vl128.isra.0,objdump rvv:102/vec27/mac3/gather2→手调〔清偿〕,手调,具名-X,0.562,..._vl256,objdump k1:344/vec105/mac20/gather12→手调〔清偿〕
vec_dot,iq3_xxs,,,matmul,手调,具名-X,0.156,ggml_vec_dot_iq3_xxs_q8_K_vl128.isra.0,objdump rvv:129/vec26/mac5/gather3→手调〔清偿〕,手调,具名-X,0.192,..._vl256,objdump k1:314/vec71/mac20/gather12→手调〔清偿〕
vec_dot,iq3_s,,,matmul,手调,具名-X,0.213,ggml_vec_dot_iq3_s_q8_K_vl128.isra.0,objdump rvv:102/vec26/mac2→手调〔清偿〕,手调,具名-X,0.2,..._vl256,objdump k1:232/vec84/mac12/gather8→手调〔清偿〕
vec_dot,iq4_nl,,,matmul,手调,PASS,1.15,ggml_vec_dot_iq4_nl_q8_0_vl128,hand-vl128 codebook-gather LIGHT〔V·手调〕,手调,具名-X,0.697,ggml_vec_dot_iq4_nl_q8_0_vl256,hand-vl256 codebook-gather LIGHT〔V-纠·板一致·chip-tuned〕
vec_dot,iq4_xs,,,matmul,手调,PASS,1.31,ggml_vec_dot_iq4_xs_q8_K_vl128.isra.0,objdump rvv:84/vec16/mac3·LIGHT→手调〔清偿〕,手调,PASS,1.196,..._vl256,objdump k1:144/vec18/mac5→手调〔清偿〕
vec_dot,mxfp4,,,matmul,手调,pending-fold,,ggml_vec_dot_mxfp4_q8_0_vl128,objdump rvv:118/vec18/mac4/gather2·hand-vl128 LIGHT→手调〔清偿〕,手调,pending-fold,,ggml_vec_dot_mxfp4_q8_0_vl256,objdump k1:96/vec24/mac6/gather4→手调〔清偿·k1原UNRESOLVED已清〕
vec_dot,nvfp4,,,matmul,标量类,具名-X,0.565,ggml_vec_dot_nvfp4_q8_0,generic-C autovec NO-riscv-spec→标量类(§〇.1)〔V〕,标量类,PASS,1.086,ggml_vec_dot_nvfp4_q8_0,generic-C autovec→标量类〔V〕
vec_dot,tq1_0,,,matmul,手调,具名-X,0.207,ggml_vec_dot_tq1_0_q8_K_vl128.isra.0,objdump rvv:114/vec45/mac14·ternary vl128手写→手调〔清偿〕,手调,具名-X,0.606,..._vl256,objdump k1:172/vec93/mac32→手调〔清偿〕
vec_dot,tq2_0,,,matmul,手调,PASS,0.975,ggml_vec_dot_tq2_0_q8_K_vl128.isra.0,objdump rvv:85/vec46/mac10→手调〔清偿〕,手调,PASS,0.879,..._vl256,objdump k1:88/vec46/mac10→手调〔清偿〕
product_reduce,q4_0_nibble,,,product_reduce,标量类,PASS,2.712,ggml scalar-ref(fallback),internal sub-primitive·§〇.2兜底·待补标量仗,标量类,PASS,1.166,ggml scalar-ref(fallback),internal sub-primitive·§〇.2兜底·待补标量仗
product_reduce,offset_binary_n3,,,product_reduce,标量类,PASS,0.855,ggml scalar-ref(fallback),internal sub-primitive·§〇.2兜底·待补标量仗,标量类,PASS,0.86,ggml scalar-ref(fallback),internal sub-primitive·§〇.2兜底·待补标量仗
product_reduce,codebook_n3,,,product_reduce,标量类,PASS,1.978,ggml scalar-ref(fallback),internal sub-primitive·§〇.2兜底·待补标量仗,标量类,PASS,1.096,ggml scalar-ref(fallback),internal sub-primitive·§〇.2兜底·待补标量仗
quantize_row,q8_0,,,quantize,通用向量,PASS,1.0,quantize_row_q8_0,★ggml-cpu/arch/riscv/quants.c 手写__riscv_v intrinsic(非scalar autovec)→通用向量〔V-纠·source铁证·objdump待§六补〕,通用向量,PASS,1.0,quantize_row_q8_0,★ggml-cpu/arch/riscv/quants.c 手写__riscv_v intrinsic(非scalar autovec)→通用向量〔V-纠·source铁证·objdump待§六补〕
quantize_row,q8_1,,,quantize,通用向量,PASS,1.0,quantize_row_q8_1,★ggml-cpu/arch/riscv/quants.c 手写__riscv_v intrinsic(非scalar autovec)→通用向量〔V-纠·source铁证·objdump待§六补〕,通用向量,PASS,1.0,quantize_row_q8_1,★ggml-cpu/arch/riscv/quants.c 手写__riscv_v intrinsic(非scalar autovec)→通用向量〔V-纠·source铁证·objdump待§六补〕
quantize_row,q8_K,,,quantize,通用向量,PASS,1.0,quantize_row_q8_K,★ggml-cpu/arch/riscv/quants.c 手写__riscv_v intrinsic(非scalar autovec)→通用向量〔V-纠·source铁证·objdump待§六补〕,通用向量,PASS,1.004,quantize_row_q8_K,★ggml-cpu/arch/riscv/quants.c 手写__riscv_v intrinsic(非scalar autovec)→通用向量〔V-纠·source铁证·objdump待§六补〕
dequantize_row,q4_0,,,dequant,标量类,PASS,2.51,dequantize_row_q4_0,clang世界(单一编译器世界)·opp=dequantize_row autovec(便宜档)·具名-X→PASS·便宜档禁称硬赢(A1§2·s1 2.51/s2 2.90),标量类,PASS,1.437,dequantize_row_q4_0,scalar源 autovec→标量类(§〇.1)·per-format clang18 autovec·单世界clang(PR-17)
dequantize_row,q4_1,,,dequant,标量类,PASS,1.284,dequantize_row_q4_1,scalar源 autovec→标量类(§〇.1)·per-format clang18 autovec·单世界clang(PR-17),标量类,PASS,1.396,dequantize_row_q4_1,scalar源 autovec→标量类(§〇.1)·per-format clang18 autovec·单世界clang(PR-17)
dequantize_row,q5_0,,,dequant,标量类,PASS,1.007,dequantize_row_q5_0,clang世界·opp=autovec·具名-X→PASS·★parity 编译器中性真结果(双方 memory-bound 0.60GB/s·qh5bit DRAM墙)(A1§2·s1/s2 1.007),标量类,PASS,4.22,dequantize_row_q5_0,scalar源 autovec→标量类(§〇.1)·per-format clang18 autovec·单世界clang(PR-17)
dequantize_row,q5_1,,,dequant,标量类,PASS,1.02,dequantize_row_q5_1,clang世界·opp=autovec·具名-X→PASS·★parity 编译器中性真结果(双方 memory-bound 0.60GB/s·qh5bit DRAM墙)(A1§2·s1/s2 1.02),标量类,PASS,4.421,dequantize_row_q5_1,scalar源 autovec→标量类(§〇.1)·per-format clang18 autovec·单世界clang(PR-17)
dequantize_row,q8_0,,,dequant,标量类,PASS,0.838,dequantize_row_q8_0,scalar源 autovec→标量类(§〇.1)·per-format clang18 autovec·单世界clang(PR-17),标量类,PASS,1.067,dequantize_row_q8_0,scalar源 autovec→标量类(§〇.1)·per-format clang18 autovec·单世界clang(PR-17)
dequantize_row,q1_0,,,dequant,域外,域外-永久(q1_0),,(Weft-internal),q1_0 internal-A/B·永久域外·非分母,域外,域外-永久(q1_0),,(Weft-internal),q1_0 internal-A/B·永久域外·非分母
dequantize_row,q2_K,,,dequant,标量类,PASS,,dequantize_row_q2_K,scalar源 autovec→标量类(§〇.1)·per-format clang18 autovec·单世界clang(PR-17),标量类,PASS,0.828,dequantize_row_q2_K,scalar源 autovec→标量类(§〇.1)·per-format clang18 autovec·单世界clang(PR-17)
dequantize_row,q3_K,,,dequant,标量类,PASS,,dequantize_row_q3_K,scalar源 autovec→标量类(§〇.1)·per-format clang18 autovec·单世界clang(PR-17),标量类,PASS,3.227,dequantize_row_q3_K,scalar源 autovec→标量类(§〇.1)·per-format clang18 autovec·单世界clang(PR-17)
dequantize_row,q4_K,,,dequant,标量类,具名-X,,dequantize_row_q4_K,clang18 rvv0 真SCALAR·autovec弱(单世界clang) · scalar源 autovec→标量类(§〇.1)·per-format clang18 autovec·单世界clang(PR-17),标量类,PASS,4.315,dequantize_row_q4_K,scalar源 autovec→标量类(§〇.1)·per-format clang18 autovec·单世界clang(PR-17)
dequantize_row,q5_K,,,dequant,标量类,具名-X,,dequantize_row_q5_K,scalar源 autovec→标量类(§〇.1)·per-format clang18 autovec·单世界clang(PR-17),标量类,PASS,5.127,dequantize_row_q5_K,scalar源 autovec→标量类(§〇.1)·per-format clang18 autovec·单世界clang(PR-17)
dequantize_row,q6_K,,,dequant,标量类,PASS,,dequantize_row_q6_K,scalar源 autovec→标量类(§〇.1)·per-format clang18 autovec·单世界clang(PR-17),标量类,PASS,1.115,dequantize_row_q6_K,scalar源 autovec→标量类(§〇.1)·per-format clang18 autovec·单世界clang(PR-17)
dequantize_row,iq1_s,,,dequant,标量类,PASS,,dequantize_row_iq1_s,scalar源 autovec→标量类(§〇.1)·per-format clang18 autovec·单世界clang(PR-17),标量类,PASS,2.893,dequantize_row_iq1_s,scalar源 autovec→标量类(§〇.1)·per-format clang18 autovec·单世界clang(PR-17)
dequantize_row,iq1_m,,,dequant,标量类,具名-X,,dequantize_row_iq1_m,scalar源 autovec→标量类(§〇.1)·per-format clang18 autovec·单世界clang(PR-17),标量类,PASS,3.545,dequantize_row_iq1_m,scalar源 autovec→标量类(§〇.1)·per-format clang18 autovec·单世界clang(PR-17)
dequantize_row,iq2_xxs,,,dequant,标量类,PASS,,dequantize_row_iq2_xxs,scalar源 autovec→标量类(§〇.1)·per-format clang18 autovec·单世界clang(PR-17),标量类,PASS,2.475,dequantize_row_iq2_xxs,scalar源 autovec→标量类(§〇.1)·per-format clang18 autovec·单世界clang(PR-17)
dequantize_row,iq2_xs,,,dequant,标量类,pending(照测未定verdict),,dequantize_row_iq2_xs,scalar源 autovec→标量类(§〇.1)·per-format clang18 autovec·单世界clang(PR-17),标量类,PASS,0.923,dequantize_row_iq2_xs,scalar源 autovec→标量类(§〇.1)·per-format clang18 autovec·单世界clang(PR-17)
dequantize_row,iq2_s,,,dequant,标量类,PASS,1.7534,dequantize_row_iq2_s,scalar源 autovec→标量类(§〇.1)·per-format clang18 autovec·单世界clang(PR-17),标量类,PASS,1.813,dequantize_row_iq2_s,scalar源 autovec→标量类(§〇.1)·per-format clang18 autovec·单世界clang(PR-17)
dequantize_row,iq3_xxs,,,dequant,标量类,具名-X,0.36,dequantize_row_iq3_xxs,★R线§四.1 de-lottery·owned 真向量 emit(ISSUE-001 反转·[L-8]满足)·byte-exact GREEN·批量宽gather优化后 0.360×(naive 0.181→0.360·storm vset129→33 objdump双证)·具名-X·★HW-gather-STRATEGY 天花板·grid-codebook 通用·【非架构不可达】(对手 objdump HW_GATHER=0 用标量load·parity lever=owned 标量-load emit·gated on 调度成熟度[项目级]·ISSUE-107)·勿称赢·收口未达,标量类,具名-X,0.526,dequantize_row_iq3_xxs,scalar源 autovec→标量类(§〇.1)·per-format clang18 autovec·单世界clang(PR-17)
dequantize_row,iq3_s,,,dequant,标量类,具名-X,,dequantize_row_iq3_s,scalar源 autovec→标量类(§〇.1)·per-format clang18 autovec·单世界clang(PR-17),标量类,具名-X,0.665,dequantize_row_iq3_s,scalar源 autovec→标量类(§〇.1)·per-format clang18 autovec·单世界clang(PR-17)
dequantize_row,iq4_nl,,,dequant,标量类,PASS,,dequantize_row_iq4_nl,scalar源 autovec→标量类(§〇.1)·per-format clang18 autovec·单世界clang(PR-17),标量类,PASS,3.867,dequantize_row_iq4_nl,scalar源 autovec→标量类(§〇.1)·per-format clang18 autovec·单世界clang(PR-17)
dequantize_row,iq4_xs,,,dequant,标量类,具名-X,,dequantize_row_iq4_xs,scalar源 autovec→标量类(§〇.1)·per-format clang18 autovec·单世界clang(PR-17),标量类,PASS,3.151,dequantize_row_iq4_xs,scalar源 autovec→标量类(§〇.1)·per-format clang18 autovec·单世界clang(PR-17)
dequantize_row,mxfp4,,,dequant,标量类,PASS,,dequantize_row_mxfp4,scalar源 autovec→标量类(§〇.1)·per-format clang18 autovec·单世界clang(PR-17),标量类,PASS,3.13,dequantize_row_mxfp4,scalar源 autovec→标量类(§〇.1)·per-format clang18 autovec·单世界clang(PR-17)
dequantize_row,nvfp4,,,dequant,标量类,PASS,2.1736,dequantize_row_nvfp4,scalar源 autovec→标量类(§〇.1)·per-format clang18 autovec·单世界clang(PR-17),标量类,具名-X,0.716,dequantize_row_nvfp4,scalar源 autovec→标量类(§〇.1)·per-format clang18 autovec·单世界clang(PR-17)
dequantize_row,tq1_0,,,dequant,标量类,PASS,,dequantize_row_tq1_0,scalar源 autovec→标量类(§〇.1)·per-format clang18 autovec·单世界clang(PR-17),标量类,PASS,4.285,dequantize_row_tq1_0,scalar源 autovec→标量类(§〇.1)·per-format clang18 autovec·单世界clang(PR-17)
dequantize_row,tq2_0,,,dequant,标量类,具名-X,,dequantize_row_tq2_0,scalar源 autovec→标量类(§〇.1)·per-format clang18 autovec·单世界clang(PR-17),标量类,PASS,4.232,dequantize_row_tq2_0,scalar源 autovec→标量类(§〇.1)·per-format clang18 autovec·单世界clang(PR-17)
gemm_tile,q4_0,rvv,decode,matmul,通用向量,PASS(decode-M1-GEVM),6.909,ggml_vec_dot_q4_0_q8_0(block-dot),★二义解〔清偿〕:stock 有 repack(ggml_gemm_q4_0_8x8/16x1)但 VLEN128 gate-off·真派发=block-dot→通用向量·我方win=routing白嫖非beat-repack·decode+prefill·e2e 5.92×/1.91× ·[decode-M1: 便宜档-weak-q4_0-block-dot-VLEN128-gate-off·big-multiple≠hard-win],通用向量,PASS(decode-M1-GEVM),2.575,block-dot,pending-fold ·[decode-M1: 便宜档-what-if(k1 front-door DECLINE repack@decode·force-construct)]
gemm_tile,q4_0,rvv,prefill,matmul,通用向量,PASS,6.224,ggml_vec_dot_q4_0_q8_0(block-dot),★二义解〔清偿〕:stock 有 repack(ggml_gemm_q4_0_8x8/16x1)但 VLEN128 gate-off·真派发=block-dot→通用向量·我方win=routing白嫖非beat-repack·decode+prefill·e2e 5.92×/1.91×,通用向量,PASS,3.5,block-dot,pending-fold
gemm_tile,q4_1,rvv,decode,matmul,通用向量,pending-fold,,ggml_vec_dot_q4_1_q8_1(CROSSOP),block-dot vectorized·nibble-unpack非autovec-able→通用向量〔V-纠〕·e2e 3.68×,通用向量,pending-fold,,ggml_vec_dot_q4_1_q8_1(CROSSOP),block-dot→通用向量〔V-纠〕·pending-fold
gemm_tile,q4_1,rvv,prefill,matmul,通用向量,PASS,6.105,ggml_vec_dot_q4_1_q8_1(CROSSOP),block-dot vectorized·nibble-unpack非autovec-able→通用向量〔V-纠〕·e2e 3.68×,通用向量,PASS,7.11,ggml_vec_dot_q4_1_q8_1(CROSSOP),block-dot→通用向量〔V-纠〕·pending-fold
gemm_tile,q5_0,rvv,decode,matmul,通用向量,PASS(decode-M1-GEVM),0.947,FLAT block-dot,e2e prefill 1.21×·pending-fold ·[decode-M1: near-parity-memory-leaning-compiler-sensitive(clang0.794 named-X)],通用向量,PASS-DEPLOYED(decode-GEVM·C1),1.205,FLAT block-dot,pending-fold ·[decode-M1: C1-deployed·batch4 免测确认1.205×] ·[★裁决④吸纳: deploy k1 repack-GEVM(decode) 1.760× kernel + e2e 2×(独立验证 a6fdf1a3/w91jl99ia)·anti-gate: 真实部署路径新格(C1 per-format measured-gate·d109d6ed2)·成色 beat-weak-baseline(stock q5 block-dot compute-bound·非 beat-hand-tuned)]
gemm_tile,q5_0,rvv,prefill,matmul,通用向量,PASS,1.232,FLAT block-dot,e2e prefill 1.21×·pending-fold,通用向量,PASS,2.327,FLAT block-dot,pending-fold
gemm_tile,q5_1,rvv,decode,matmul,通用向量,PASS(decode-M1-GEVM),1.09,FLAT block-dot,e2e prefill 1.09×·pending-fold ·[decode-M1: near-parity],通用向量,PASS-DEPLOYED(decode-GEVM·C1),1.317,FLAT block-dot,pending-fold ·[decode-M1: C1-deployed·batch4 免测确认1.317×] ·[★裁决④吸纳: deploy k1 repack-GEVM(decode) 2.241× kernel + e2e 2×(独立验证 a6fdf1a3/w91jl99ia)·anti-gate: 真实部署路径新格(C1 per-format measured-gate·d109d6ed2)·成色 beat-weak-baseline(stock q5 block-dot compute-bound·非 beat-hand-tuned)]
gemm_tile,q5_1,rvv,prefill,matmul,通用向量,PASS,1.412,FLAT block-dot,e2e prefill 1.09×·pending-fold,通用向量,PASS,2.568,FLAT block-dot,pending-fold
gemm_tile,q8_0,rvv,decode,matmul,通用向量,pending-fold,,FLAT block-dot,e2e 4.35× correctness-carrier·pending-fold,通用向量,pending-fold,,FLAT block-dot,pending-fold
gemm_tile,q8_0,rvv,prefill,matmul,通用向量,PASS,4.752,FLAT block-dot,e2e 4.35× correctness-carrier·pending-fold,通用向量,PASS,1.48,FLAT block-dot,pending-fold
gemm_tile,q1_0,rvv,,matmul,域外,域外-永久(q1_0),,(Weft-internal),q1_0 internal-A/B·永久域外·非分母,域外,域外-永久(q1_0),,(Weft-internal),q1_0 internal-A/B·永久域外·非分母
gemm_tile,q2_K,rvv,decode,matmul,手调,具名-X(decode-M1),0.0685,ggml_vec_dot_q2_K_q8_K_vl128(CROSSOP),our-gemm vs vl128 手调block-dot·cross-op(rvv零K-quant repack) ·[decode-M1: 指令数内禀-fold@M=1不amortize(16-sub-block双fold)·vsetvl922 spill·单世界clang也输0.36(wall非compiler·结构墙)·C3′负],手调,PASS(decode-M1-GEVM),0.9585,ggml_gemm_q2_K_8x8_q8_K(REAL),真16x1/8x8 hand-brick repack STRONG ·[decode-M1: ★near-parity非win(ratio<1.0·弱opp·q2_K 2-bit但16-sub-block最高vsetvl81)·唯一非-loss·成色低不称赢]
gemm_tile,q2_K,rvv,prefill,matmul,手调,PASS,1.112,ggml_vec_dot_q2_K_q8_K_vl128(CROSSOP),our-gemm vs vl128 手调block-dot·cross-op(rvv零K-quant repack),手调,PASS,1.364,ggml_gemm_q2_K_8x8_q8_K(REAL),真16x1/8x8 hand-brick repack STRONG
gemm_tile,q3_K,rvv,decode,matmul,手调,具名-X(decode-M1),0.083,ggml_vec_dot_q3_K_q8_K_vl128(CROSSOP),cross-op vs vl128 手调block-dot ·[decode-M1: 指令数内禀-fold@M=1·vsetvl2225 spill(结构墙·单世界clang)·C3′负],手调,具名-X(decode-M1),0.4252,ggml_vec_dot_q3_K_q8_K_vl256(CROSSOP),q3_K唯一无repack·cross-op vs vl256 手调block-dot ·[decode-M1: 指令数内禀-fold@M=1不amortize(16-sub-block)·C3′负]
gemm_tile,q3_K,rvv,prefill,matmul,手调,PASS,1.399,ggml_vec_dot_q3_K_q8_K_vl128(CROSSOP),cross-op vs vl128 手调block-dot,手调,PASS,2.92,ggml_vec_dot_q3_K_q8_K_vl256(CROSSOP),q3_K唯一无repack·cross-op vs vl256 手调block-dot
gemm_tile,q4_K,rvv,decode,matmul,手调,具名-X(decode-M1),0.361,ggml_vec_dot_q4_K_q8_K_vl128(CROSSOP),cross-op vs vl128 手调block-dot ·[decode-M1: ★genuine-C3′-negative·super-block-fold@M=1不amortize·对手结构优势具名(rvv q4_K native-vec block-dot 3.6×快·gap=opp-strength非我方核·vsetvl1387 spill=指令数内禀墙·单世界clang也输)],手调,PASS(decode-M1-GEVM),1.535,ggml_gemm_q4_K_16x1_q8_K(REAL),真16x1 hand-brick byte-drop-in STRONG(Win-K1-VLEN) ·[decode-M1: 手调-REAL·k1 WIN vs 弱opp·genuine(k1 real repack hand-brick域·batch4·8-sub-block不泛化到16-sub)]
gemm_tile,q4_K,rvv,prefill,matmul,手调,PASS,1.114,ggml_vec_dot_q4_K_q8_K_vl128(CROSSOP),cross-op vs vl128 手调block-dot,手调,PASS,1.187,ggml_gemm_q4_K_16x1_q8_K(REAL),真16x1 hand-brick byte-drop-in STRONG(Win-K1-VLEN)
gemm_tile,q5_K,rvv,decode,matmul,通用向量,具名-X(decode-M1),0.1273,ggml_vec_dot_q5_K_q8_K(CROSSOP),cross-op vs native-vec-moderate(q5_K无vl-spec) ·[decode-M1: 指令数内禀-fold@M=1·vsetvl2952 spill(结构墙·单世界clang)·C3′负],手调,具名-X(decode-M1),0.6806,ggml_gemm_q5_K_8x4_q8_K(repack),repack opponent·★成色升级 DEFERRED(q5_K 8x8 前提证伪·非 verified hand-brick·F-2 纠·真硬赢锁 2=q4_K/q2_K) ·[decode-M1: 指令数内禀-fold@M=1不amortize·C3′负]
gemm_tile,q5_K,rvv,prefill,matmul,通用向量,PASS,1.067,ggml_vec_dot_q5_K_q8_K(CROSSOP),cross-op vs native-vec-moderate(q5_K无vl-spec),手调,PASS,4.448,ggml_gemm_q5_K_8x4_q8_K(repack),repack opponent·★成色升级 DEFERRED(q5_K 8x8 前提证伪·非 verified hand-brick·F-2 纠·真硬赢锁 2=q4_K/q2_K)
gemm_tile,q6_K,rvv,decode,matmul,手调,具名-X(decode-M1),0.0535,ggml_vec_dot_q6_K_q8_K_vl128(CROSSOP),cross-op vs vl128 手调block-dot ·[decode-M1: 指令数内禀-fold@M=1·vsetvl2461 spill(结构墙·单世界clang)·C3′负],手调,具名-X(decode-M1),0.3771,ggml_gemm_q6_K_16x1_q8_K(repack),repack opponent·★成色升级 DEFERRED(非 verified hand-brick·F-2 纠) ·[decode-M1: 指令数内禀-fold@M=1不amortize(16-sub-block)·C3′负]
gemm_tile,q6_K,rvv,prefill,matmul,手调,PASS,0.96,ggml_vec_dot_q6_K_q8_K_vl128(CROSSOP),cross-op vs vl128 手调block-dot,手调,PASS,1.769,ggml_gemm_q6_K_16x1_q8_K(repack),repack opponent·★成色升级 DEFERRED(非 verified hand-brick·F-2 纠)
gemm_tile,iq1_s,rvv,,matmul,标量类,具名-X,0.6643,ggml_vec_dot_iq1_s_q8_K_vl128(CROSSOP),★P2 部署对手落账(ISSUE-004)·rvv 实跳 vl128 手调核(反汇编坐实·thunk rvv=0 纯分发)·CROSSOP 同算子 repack 缺席·tier=S 暂留[ISSUE-007 待裁]·verdict 见 P2_GRID4 ·[P2-grid4-prefill(部署对手): 部署 vl128(CROSSOP)·cold_X 0.6643(s1)/0.6699(s2)·墙=我方 generic-aux32 ins13109/rvv10345/vset4565 vs 对手 vl128 full-unroll ins201/rvv109/vset41(≈65×指令量·vset storm)·便宜档 vs generic 15.20×【降披露】],标量类,具名-X,0.5919,ggml_vec_dot_iq1_s_q8_K_vl256(CROSSOP),★P2 部署对手落账·k1 实跳 vl256 手调核·CROSSOP·tier=S 暂留[ISSUE-007] ·[P2-grid4-prefill(部署对手): 部署 vl256(CROSSOP)·cold_X 0.5919(s1)/0.5913(s2)·墙=generic-aux32 ins13110 vs vl256 full-unroll ins151/rvv89(≈87×)·便宜档 vs generic 16.00×【降披露】]
gemm_tile,iq1_m,rvv,,matmul,标量类,具名-X,0.5713,ggml_vec_dot_iq1_m_q8_K_vl128(CROSSOP),★P2 部署对手落账(ISSUE-004)·rvv 实跳 vl128 手调核·CROSSOP·tier=S 暂留[ISSUE-007]·verdict 见 P2_GRID4 ·[P2-grid4-prefill(部署对手): 部署 vl128(CROSSOP)·cold_X 0.5713(s1)/0.5701(s2)·墙=generic-aux32 ins21018/rvv11922 vs vl128 full-unroll ins231/rvv79(≈91×)·便宜档 vs generic 9.01×【降披露】],标量类,具名-X,0.5945,ggml_vec_dot_iq1_m_q8_K_vl256(CROSSOP),★P2 部署对手落账·k1 实跳 vl256 手调核·CROSSOP·tier=S 暂留[ISSUE-007] ·[P2-grid4-prefill(部署对手): 部署 vl256(CROSSOP)·cold_X 0.5945(s1)/0.5945(s2)·墙=generic-aux32 ins21019 vs vl256 full-unroll ins221/rvv66(≈95×)·便宜档 vs generic 10.15×【降披露】]
gemm_tile,iq2_xxs,rvv,decode,matmul,标量类,具名-X(decode-M1),0.6,ggml scalar-ref(fallback),same-op repack absent→标量参考兜底(§〇.2)·待补标量仗 ·[decode-M1: decode·rvv named-X(单世界clang)·便宜档],标量类,PASS(decode-M1-GEVM),1.13,ggml scalar-ref(fallback),待补标量仗 ·[decode-M1: decode·便宜档-scalar-ref·禁称硬赢]
gemm_tile,iq2_xxs,rvv,prefill,matmul,标量类,PASS,2.32,ggml scalar-ref(fallback),clang世界·opp=ggml scalar-ref(便宜档)·具名-X→PASS·便宜档禁称硬赢(A1§1·s1 2.32/s2 2.34),标量类,PASS,3.02,ggml scalar-ref(fallback),待补标量仗
gemm_tile,iq2_xs,rvv,decode,matmul,标量类,PASS(decode-M1-GEVM),1.0,ggml scalar-ref(fallback),待补标量仗 ·[decode-M1: decode·便宜档-scalar-ref·禁称硬赢],标量类,PASS(decode-M1-GEVM),3.81,ggml scalar-ref(fallback),待补标量仗 ·[decode-M1: decode·便宜档·k1 opp clang-bloat假象·禁称硬赢]
gemm_tile,iq2_xs,rvv,prefill,matmul,标量类,PASS,12.32,ggml scalar-ref(fallback),clang世界·opp=ggml scalar-ref(便宜档)·具名-X→PASS·大倍数=opp-clang编巨胖伪影(160ms)·便宜档禁称硬赢(A1§1·s1 12.32/s2 12.29),标量类,PASS,10.3,ggml scalar-ref(fallback),待补标量仗
gemm_tile,iq2_s,rvv,decode,matmul,标量类,PASS(decode-M1-GEVM),1.03,ggml scalar-ref(fallback),待补标量仗 ·[decode-M1: decode·便宜档],标量类,PASS(decode-M1-GEVM),3.55,ggml scalar-ref(fallback),待补标量仗 ·[decode-M1: decode·便宜档·clang-bloat假象·禁称硬赢]
gemm_tile,iq2_s,rvv,prefill,matmul,标量类,PASS,11.49,ggml scalar-ref(fallback),clang世界·opp=ggml scalar-ref(便宜档)·具名-X→PASS·大倍数=opp-clang编胖伪影(150ms)·便宜档禁称硬赢(A1§1·s1 11.49/s2 11.46),标量类,PASS,9.7,ggml scalar-ref(fallback),待补标量仗
gemm_tile,iq3_xxs,rvv,,matmul,标量类,PASS,0.9484,ggml_vec_dot_iq3_xxs_q8_K_vl128(CROSSOP),★P2 部署对手落账(ISSUE-004)·rvv 实跳 vl128 手调核·CROSSOP·tier=S 暂留[ISSUE-007]·verdict 见 P2_GRID4 ·[P2-grid4-prefill(部署对手): 部署 vl128(CROSSOP)·cold_X 0.9484(s1)/0.9545(s2)·near-parity vs 部署手调核(≥0.8·非硬赢·我方 ins15238 vs vl128 ins310)·便宜档 vs generic 2.71×【降披露·禁称硬赢】],标量类,具名-X,0.6474,ggml_vec_dot_iq3_xxs_q8_K_vl256(CROSSOP),★P2 部署对手落账·k1 实跳 vl256 手调核·CROSSOP·tier=S 暂留[ISSUE-007] ·[P2-grid4-prefill(部署对手): 部署 vl256(CROSSOP)·cold_X 0.6474(s1)/0.6481(s2)·墙=generic-aux32 ins15240/rvv12819 vs vl256 full-unroll ins314/rvv112(≈49×)·便宜档 vs generic 3.60×【降披露】]
gemm_tile,iq3_s,rvv,,matmul,标量类,PASS,1.3483,ggml_vec_dot_iq3_s_q8_K_vl128(CROSSOP),★P2 部署对手落账(ISSUE-004)·rvv 实跳 vl128 手调核·CROSSOP·tier=S 暂留[ISSUE-007]·verdict 见 P2_GRID4 ·[P2-grid4-prefill(部署对手): 部署 vl128(CROSSOP)·cold_X 1.3483(s1)/1.3429(s2)·beat 部署 vl128(对手 leaf 轻 ins105/rvv38·我方 repack-GEMM 摊销更好)·板间翻转候选(k1 输)·便宜档 vs generic 12.26×【降披露】],标量类,具名-X,0.6136,ggml_vec_dot_iq3_s_q8_K_vl256(CROSSOP),★P2 部署对手落账·k1 实跳 vl256 手调核·CROSSOP·tier=S 暂留[ISSUE-007] ·[P2-grid4-prefill(部署对手): 部署 vl256(CROSSOP)·cold_X 0.6136(s1)/0.6137(s2)·墙=generic-aux32 ins15144/rvv12702 vs vl256 full-unroll ins232/rvv126(≈65×)·同 leaf rvv 赢 k1 输=VLEN 专化满展开缺口·便宜档 vs generic 11.24×【降披露】]
gemm_tile,iq4_nl,rvv,decode,matmul,通用向量,pending-fold,,ggml_vec_dot_iq4_nl_q8_0_vl128(CROSSOP),measured anchor 0.217×·pending-fold·native-vec中,通用向量,具名-X(decode-M1),0.2493,ggml_vec_dot_iq4_nl_q8_0_vl256(CROSSOP),pending-fold ·[decode-M1: ★CROSSOP(我方 repack-GEVM vs 对手 per-column block-dot·非同算子硬赢)·s1 0.2493/s2 0.2490·N=25·2-seed·CI[0.2491—0.2498]·同算子 OPP-S ggml_gemv_iq4_nl_16x1_q8_0 = 0.1469(亦输)·ZERO-MODEL ours0/512 oppX0/512 oppS0/512 = 正确核(输性能非正确性)·★墙(完整环走完·机制级)=codebook-gather-bound: 我 64×vluxei16.v(走内存 codebook 数组 indexed gather) vs OPP-S 32×vrgather.vv(16 项 codebook 常驻向量寄存器的寄存器置换)·16 项平凡装入单寄存器→vrgather 是正确原语·vluxei16 每元素付访存端口往返且无法外提·叠加 vsetvli storm(我 260 vs 51)+2.5×指令量(724 vs 293)·双方 true_sp_spill=0(排除 spill 病)·可修(emitter 成熟度缺口): 需 codebook-size 键控 gather 原语选择(≤VLMAX 项走寄存器 vrgather·大 grid 才走 vluxei16)——与 [emitter-maturity-vluxei16] 方向相反(vluxei16 对 iq1_s 大 grid 是 win·对 16 项 tiny codebook 是 loss)→ 判别键=codebook 尺寸(C3′ 能力键控正例)·★部署成色=what-if(selector=block-dot-decline-vlen256-decode-measured-negative·出货走 block-dot·禁写成 k1 decode 部署输)·循环论证防线: registry DECLINE 由 0.248x 驱动·本轮独立复测 0.2493/0.2490 与 registry Negative 一致(未证伪)→ 无 canon 触发·selector/registry 不动]
gemm_tile,iq4_nl,rvv,prefill,matmul,通用向量,pending-fold,,ggml_vec_dot_iq4_nl_q8_0_vl128(CROSSOP),measured anchor 0.217×·pending-fold·native-vec中,通用向量,具名-X,0.6025,ggml_vec_dot_iq4_nl_q8_0_vl256(CROSSOP),pending-fold
gemm_tile,iq4_xs,rvv,decode,matmul,标量类,具名-X(decode-M1),0.63,ggml scalar-ref(fallback),待补标量仗 ·[decode-M1: decode near-parity·rvv named-X(单世界clang)·便宜档-scalar-ref·PR-17],标量类,PASS(decode-M1-GEVM),0.93,ggml scalar-ref(fallback),待补标量仗 ·[decode-M1: decode near-parity·便宜档-scalar-ref·禁称硬赢]
gemm_tile,iq4_xs,rvv,prefill,matmul,标量类,PASS,3.15,ggml scalar-ref(fallback),clang世界(单一编译器世界)·opp=ggml scalar-ref(便宜档)·具名-X→PASS·便宜档禁称硬赢(A1§1·s1 3.15/s2 3.11),标量类,PASS,2.1,ggml scalar-ref(fallback),待补标量仗
gemm_tile,mxfp4,rvv,decode,matmul,标量类,PASS(decode-M1-GEVM),1.51,ggml scalar-ref(fallback),待补标量仗 ·[decode-M1: decode·便宜档-scalar-ref·禁称硬赢],标量类,PASS(decode-M1-GEVM),0.94,ggml scalar-ref(fallback),待补标量仗 ·[decode-M1: decode near-parity·便宜档]
gemm_tile,mxfp4,rvv,prefill,matmul,标量类,PASS,3.65,ggml scalar-ref(fallback),clang世界·opp=ggml scalar-ref(便宜档)·具名-X→PASS·便宜档禁称硬赢(A1§1·s1 3.65/s2 3.66),标量类,PASS,2.3,ggml scalar-ref(fallback),待补标量仗
gemm_tile,nvfp4,rvv,,matmul,标量类,pending-真(待补标量仗),,ggml scalar-ref(fallback·generic-C),generic-C autovec→标量类·待补标量仗,标量类,pending-真(待补标量仗),,ggml scalar-ref(fallback),待补标量仗
gemm_tile,tq1_0,rvv,decode,matmul,标量类,PASS(decode-M1-GEVM),1.67,ggml scalar-ref(fallback),待补标量仗 ·[decode-M1: decode·便宜档(rvv-clang boundary 0.79 X footnote)],标量类,PASS(decode-M1-GEVM),1.99,ggml scalar-ref(fallback),待补标量仗 ·[decode-M1: decode·便宜档·禁称硬赢]
gemm_tile,tq1_0,rvv,prefill,matmul,标量类,PASS,7.9,ggml scalar-ref(fallback),clang世界·opp=ggml scalar-ref(便宜档)·具名-X→PASS·便宜档禁称硬赢(A1§1·s1 7.90/s2 7.93),标量类,PASS,6.45,ggml scalar-ref(fallback),待补标量仗
gemm_tile,tq2_0,rvv,decode,matmul,标量类,PASS(decode-M1-GEVM),1.19,ggml scalar-ref(fallback),待补标量仗 ·[decode-M1: decode·便宜档],标量类,PASS(decode-M1-GEVM),1.59,ggml scalar-ref(fallback),待补标量仗 ·[decode-M1: decode·便宜档·禁称硬赢]
gemm_tile,tq2_0,rvv,prefill,matmul,标量类,PASS,9.91,ggml scalar-ref(fallback),clang世界·opp=ggml scalar-ref(便宜档)·具名-X→PASS·ours vsetvl=8最简·便宜档禁称硬赢(A1§1·s1 9.91/s2 10.10),标量类,PASS,4.76,ggml scalar-ref(fallback),待补标量仗
gemm_tile,q4_0,ime,,matmul,N/A-hw,N/A-hw,,—,ime.present unsatisfiable on rvv(机判),手调,具名-X(IME-kernel-sym·vendor手调IME),0.196,stock IME q4_0 (vendor),vendor IME dispatch chip-specific→手调·成色:tie-stock 1.0088×(未真beat) ·[IME-kernel-sym: IME kernel-sym vs vendor手调IME核 gemm_kernel_i8i4(真硅vmadot)·输5.1×·墙=scale-fold epilogue未融进vmadot MAC·真硬件vendor正面度量负结果]
gemm_tile,q8_0,ime,,matmul,N/A-hw,N/A-hw,,—,ime.present unsatisfiable on rvv(机判),手调,pending(IME结构·该板无合法对手·q8_0落RVV-repack回退·缺vendor-IME对手·探针证据),,stock IME q8_0 (vendor),vendor IME dispatch chip-specific→手调·成色:beat-stock 2.233×(赢弱vendor) ·[IME-kernel-sym: q8_0不进vendor IME(dispatch ime.cpp:317仅q4_0/q4_1/q4_K)·落RVV-repack回退·结构无IME对手·探针证据·★坐实e2e q8_0@ime beat 0.984×=赢RVV-repack非赢IME]
gemm_tile,q4_K,ime,,matmul,N/A-hw,N/A-hw,,—,ime.present unsatisfiable on rvv(机判),手调,具名-X(IME-kernel-sym·vendor手调IME),0.049,stock IME q4_K (vendor),vendor IME dispatch chip-specific→手调·成色:黄0.909× super-block 传导稀释 ·[IME-kernel-sym: IME kernel-sym vs vendor IME·输20×·★C3′[PAT-1]format-keyed边界最锋利·gap随格式复杂度扩张(q4_0 5×→q4_K 20×·我方fold随super-block暴涨25→110ms·vendor单核塞所有格式4.9→5.5ms)]
rms_norm,f32,,,forward,通用向量,PASS,1.24,ggml_compute_forward_rms_norm_f32,native RVV m8 vec_scale + scalar-dbl reduce·HYBRID·BORDERLINE,通用向量,PASS,1.336,ggml_compute_forward_rms_norm_f32,HYBRID·native-vec-light
softmax,f32,,,forward,通用向量,PASS,1.007,ggml_vec_soft_max_f32,exported ggml手写RVV intrinsic·expf reduce,通用向量,PASS,1.004,ggml_vec_soft_max_f32,leaf 手写intrinsic·wrapper scalar-setup
rope,f32,,,forward,标量类,PASS,1.013,ggml_compute_forward_rope_f32,scalar cos/sin cache 2-pass + autovec rotate→标量类,标量类,PASS,0.982,ggml_compute_forward_rope_f32,mostly-scalar→标量类
silu,f32,,,forward,通用向量,PASS,0.997,ggml_vec_silu_f32,exported ggml手写RVV intrinsic·sigmoid/expf 向量化,通用向量,PASS,1.012,ggml_vec_silu_f32,手写intrinsic
scale,f32,,,forward,通用向量,PASS,0.998,ggml_vec_scale_f32(vec.h:703),NATIVE RVV m8 vfmul_vf 手写intrinsic·byte-identical algo,通用向量,PASS,0.917,ggml_vec_scale_f32,native RVV m8·板异emit较轻但同源intrinsic
gelu,f32,,,forward,标量类,PASS,0.141,ggml_table_gelu_f16(BSS-LUT),A2 f16-LUT同档重比done·WIN 1.116×·便宜档表查·同档调度胜·非硬赢·0ULP,标量类,PASS,0.247,ggml_table_gelu_f16(BSS-LUT),A2同档重比done·PARITY 0.957×·memory-bound near-parity·便宜档
add,f32,,,forward,标量类,PASS,0.967,ggml_vec_add_f32(vec.h:89),AVX2-only vec path·RV落scalar loop→autovec→标量类,标量类,PASS,1.209,ggml_vec_add_f32,scalar loop autovec→标量类
mul,f32,,,forward,标量类,PASS,0.963,ggml_vec_mul_f32(vec.h:127),pure scalar loop→autovec→标量类,标量类,PASS,1.189,ggml_vec_mul_f32,autovec→标量类
cpy,f32,,,forward,标量类,PASS,0.987,ggml_vec_cpy_f32(vec.h:119),pure scalar loop→autovec/memcpy→标量类,标量类,PASS,1.108,ggml_compute_forward_dup_cpy,scalar/memcpy-stream→标量类
